ligand_id,iupac,glycoct,glytoucan_id
1,Gal(b1-4)GlcNAc,"RES
1b:x-dglc-HEX-1:5
2s:n-acetyl
3b:b-dgal-HEX-1:5
LIN
1:1d(2+1)2n
2:1o(4+1)3d",G51331BY
2,Gal,"RES
1b:x-dgal-HEX-1:5",G68158BT
3,GalNAc,"RES
1b:x-dgal-HEX-1:5
2s:n-acetyl
LIN
1:1d(2+1)2n",G27025MB
4,Gal(b1-4)Glc,"RES
1b:x-dglc-HEX-1:5
2b:b-dgal-HEX-1:5
LIN
1:1o(4+1)2d",G74621DY
5,Man,"RES
1b:x-dman-HEX-1:5",G70323CJ
6,Man(a1-2)Man,"RES
1b:x-dman-HEX-1:5
2b:a-dman-HEX-1:5
LIN
1:1o(2+1)2d",G29313LW
7,Man(a1-3)Man(a1-3)Man,"RES
1b:x-dman-HEX-1:5
2b:a-dman-HEX-1:5
3b:a-dman-HEX-1:5
LIN
1:1o(3+1)2d
2:2o(3+1)3d",G57306WK
8,Man(a1-3)Man,"RES
1b:x-dman-HEX-1:5
2b:a-dman-HEX-1:5
LIN
1:1o(3+1)2d",G07490EK
9,Glc,"RES
1b:x-dglc-HEX-1:5",G15021LG
10,Gal(b1-3)GalNAc(b1-4)[NeuAc(a2-3)]Gal(b1-4)Glc,"RES
1b:x-dglc-HEX-1:5
2b:b-dgal-HEX-1:5
3b:a-dgro-dgal-NON-2:6|1:a|2:keto|3:d
4s:n-acetyl
5b:b-dgal-HEX-1:5
6s:n-acetyl
7b:b-dgal-HEX-1:5
LIN
1:1o(4+1)2d
2:2o(3+2)3d
3:3d(5+1)4n
4:2o(4+1)5d
5:5d(2+1)6n
6:5o(3+1)7d",G46613JI
11,Man(a1-3)[Man(a1-6)]Man,"RES
1b:x-dman-HEX-1:5
2b:a-dman-HEX-1:5
3b:a-dman-HEX-1:5
LIN
1:1o(3+1)2d
2:1o(6+1)3d",G24260RG
12,NeuAc(a2-3)Gal(b1-4)Glc,"RES
1b:x-dglc-HEX-1:5
2b:b-dgal-HEX-1:5
3b:a-dgro-dgal-NON-2:6|1:a|2:keto|3:d
4s:n-acetyl
LIN
1:1o(4+1)2d
2:2o(3+2)3d
3:3d(5+1)4n",G56516VH
13,NeuAc,"RES
1b:x-dgro-dgal-NON-2:6|1:a|2:keto|3:d
2s:n-acetyl
LIN
1:1d(5+1)2n",G81533KY
14,GlcN,"RES
1b:x-dglc-HEX-1:5
2s:amino
LIN
1:1d(2+1)2n",G80384UV
15,GlcNAc(b1-4)GlcNAc(b1-4)GlcNAc,"RES
1b:x-dglc-HEX-1:5
2s:n-acetyl
3b:b-dglc-HEX-1:5
4s:n-acetyl
5b:b-dglc-HEX-1:5
6s:n-acetyl
LIN
1:1d(2+1)2n
2:1o(4+1)3d
3:3d(2+1)4n
4:3o(4+1)5d
5:5d(2+1)6n",G81262CB
16,GlcNAc(b1-4)GlcNAc(b1-4)GlcNAc(b1-4)GlcNAc,"RES
1b:x-dglc-HEX-1:5
2s:n-acetyl
3b:b-dglc-HEX-1:5
4s:n-acetyl
5b:b-dglc-HEX-1:5
6s:n-acetyl
7b:b-dglc-HEX-1:5
8s:n-acetyl
LIN
1:1d(2+1)2n
2:1o(4+1)3d
3:3d(2+1)4n
4:3o(4+1)5d
5:5d(2+1)6n
6:5o(4+1)7d
7:7d(2+1)8n",G98511QW
17,NeuAc(a2-3)Gal(b1-3)GalNAc(b1-4)[NeuAc(a2-8)NeuAc(a2-3)]Gal(b1-4)Glc,"RES
1b:x-dglc-HEX-1:5
2b:b-dgal-HEX-1:5
3b:a-dgro-dgal-NON-2:6|1:a|2:keto|3:d
4s:n-acetyl
5b:a-dgro-dgal-NON-2:6|1:a|2:keto|3:d
6s:n-acetyl
7b:b-dgal-HEX-1:5
8s:n-acetyl
9b:b-dgal-HEX-1:5
10b:a-dgro-dgal-NON-2:6|1:a|2:keto|3:d
11s:n-acetyl
LIN
1:1o(4+1)2d
2:2o(3+2)3d
3:3d(5+1)4n
4:3o(8+2)5d
5:5d(5+1)6n
6:2o(4+1)7d
7:7d(2+1)8n
8:7o(3+1)9d
9:9o(3+2)10d
10:10d(5+1)11n",G05952XV
18,Gal(b1-4)[Fuc(a1-3)]GlcNAc,"RES
1b:x-dglc-HEX-1:5
2s:n-acetyl
3b:a-lgal-HEX-1:5|6:d
4b:b-dgal-HEX-1:5
LIN
1:1d(2+1)2n
2:1o(3+1)3d
3:1o(4+1)4d",G01187XC
19,NeuAc(a2-3)Gal(b1-4)[Fuc(a1-3)]GlcNAc,"RES
1b:x-dglc-HEX-1:5
2s:n-acetyl
3b:a-lgal-HEX-1:5|6:d
4b:b-dgal-HEX-1:5
5b:a-dgro-dgal-NON-2:6|1:a|2:keto|3:d
6s:n-acetyl
LIN
1:1d(2+1)2n
2:1o(3+1)3d
3:1o(4+1)4d
4:4o(3+2)5d
5:5d(5+1)6n",G90387AM
20,NeuAc(a2-3)Gal(b1-4)[Fuc(a1-3)]GlcNAc(b1-6)[Gal(b1-3)]GalNAc,"RES
1b:x-dgal-HEX-1:5
2s:n-acetyl
3b:b-dgal-HEX-1:5
4b:b-dglc-HEX-1:5
5s:n-acetyl
6b:a-lgal-HEX-1:5|6:d
7b:b-dgal-HEX-1:5
8b:a-dgro-dgal-NON-2:6|1:a|2:keto|3:d
9s:n-acetyl
LIN
1:1d(2+1)2n
2:1o(3+1)3d
3:1o(6+1)4d
4:4d(2+1)5n
5:4o(3+1)6d
6:4o(4+1)7d
7:7o(3+2)8d
8:8d(5+1)9n",G29014XV
21,Gal(b1-4)GlcNAc(b1-2)[Gal(b1-4)GlcNAc(b1-3)]Gal,"RES
1b:x-dgal-HEX-1:5
2b:b-dglc-HEX-1:5
3s:n-acetyl
4b:b-dgal-HEX-1:5
5b:b-dglc-HEX-1:5
6s:n-acetyl
7b:b-dgal-HEX-1:5
LIN
1:1o(2+1)2d
2:2d(2+1)3n
3:2o(4+1)4d
4:1o(3+1)5d
5:5d(2+1)6n
6:5o(4+1)7d",G32648VR
22,Fuc(a1-2)Gal(b1-4)[Fuc(a1-3)]GlcNAc,"RES
1b:x-dglc-HEX-1:5
2s:n-acetyl
3b:a-lgal-HEX-1:5|6:d
4b:b-dgal-HEX-1:5
5b:a-lgal-HEX-1:5|6:d
LIN
1:1d(2+1)2n
2:1o(3+1)3d
3:1o(4+1)4d
4:4o(2+1)5d",G49963IQ
23,Fuc(a1-2)Gal(b1-4)Glc,"RES
1b:x-dglc-HEX-1:5
2b:b-dgal-HEX-1:5
3b:a-lgal-HEX-1:5|6:d
LIN
1:1o(4+1)2d
2:2o(2+1)3d",G10422IZ
24,Fuc,"RES
1b:x-lgal-HEX-1:5|6:d",G82576YO
25,GlcNAc(b1-4)GlcNAc(b1-4)GlcNAc(b1-4)GlcNAc(b1-4)GlcNAc(b1-4)GlcNAc(b1-4)GlcNAc(b1-4)GlcNAc,"RES
1b:x-dglc-HEX-1:5
2s:n-acetyl
3b:b-dglc-HEX-1:5
4s:n-acetyl
5b:b-dglc-HEX-1:5
6s:n-acetyl
7b:b-dglc-HEX-1:5
8s:n-acetyl
9b:b-dglc-HEX-1:5
10s:n-acetyl
11b:b-dglc-HEX-1:5
12s:n-acetyl
13b:b-dglc-HEX-1:5
14s:n-acetyl
15b:b-dglc-HEX-1:5
16s:n-acetyl
LIN
1:1d(2+1)2n
2:1o(4+1)3d
3:3d(2+1)4n
4:3o(4+1)5d
5:5d(2+1)6n
6:5o(4+1)7d
7:7d(2+1)8n
8:7o(4+1)9d
9:9d(2+1)10n
10:9o(4+1)11d
11:11d(2+1)12n
12:11o(4+1)13d
13:13d(2+1)14n
14:13o(4+1)15d
15:15d(2+1)16n",G92110HD
26,Gal(a1-3)Gal,"RES
1b:x-dgal-HEX-1:5
2b:a-dgal-HEX-1:5
LIN
1:1o(3+1)2d",G78260AJ
27,GalNAc(b1-3)Gal(a1-4)Gal(b1-4)Glc,"RES
1b:x-dglc-HEX-1:5
2b:b-dgal-HEX-1:5
3b:a-dgal-HEX-1:5
4b:b-dgal-HEX-1:5
5s:n-acetyl
LIN
1:1o(4+1)2d
2:2o(4+1)3d
3:3o(3+1)4d
4:4d(2+1)5n",G24499XE
28,GlcNAc,"RES
1b:x-dglc-HEX-1:5
2s:n-acetyl
LIN
1:1d(2+1)2n",G64581RP
29,Gal(b1-3)GalNAc,"RES
1b:x-dgal-HEX-1:5
2s:n-acetyl
3b:b-dgal-HEX-1:5
LIN
1:1d(2+1)2n
2:1o(3+1)3d",G78436BB
30,Man(a1-6)[Man(a1-3)]Man(a1-6)[Man(a1-3)]Man,"RES
1b:x-dman-HEX-1:5
2b:a-dman-HEX-1:5
3b:a-dman-HEX-1:5
4b:a-dman-HEX-1:5
5b:a-dman-HEX-1:5
LIN
1:1o(3+1)2d
2:1o(6+1)3d
3:3o(3+1)4d
4:3o(6+1)5d",G51964GO
31,GlcNAc(b1-6)Gal,"RES
1b:x-dgal-HEX-1:5
2b:b-dglc-HEX-1:5
3s:n-acetyl
LIN
1:1o(6+1)2d
2:2d(2+1)3n",G09776OJ
32,GlcNAc(b1-4)GlcNAc,"RES
1b:x-dglc-HEX-1:5
2s:n-acetyl
3b:b-dglc-HEX-1:5
4s:n-acetyl
LIN
1:1d(2+1)2n
2:1o(4+1)3d
3:3d(2+1)4n",G07982RO
33,GlcNAc(b1-6)Gal(b1-4)Glc,"RES
1b:x-dglc-HEX-1:5
2b:b-dgal-HEX-1:5
3b:b-dglc-HEX-1:5
4s:n-acetyl
LIN
1:1o(4+1)2d
2:2o(6+1)3d
3:3d(2+1)4n",G19529BG
34,GlcNAc(b1-2)Man(a1-3)[GlcNAc(b1-2)Man(a1-6)]Man,"RES
1b:x-dman-HEX-1:5
2b:a-dman-HEX-1:5
3b:b-dglc-HEX-1:5
4s:n-acetyl
5b:a-dman-HEX-1:5
6b:b-dglc-HEX-1:5
7s:n-acetyl
LIN
1:1o(3+1)2d
2:2o(2+1)3d
3:3d(2+1)4n
4:1o(6+1)5d
5:5o(2+1)6d
6:6d(2+1)7n",G63059VZ
35,Man(a1-6)[Man(a1-3)]Man(a1-6)[Man(a1-2)Man(a1-3)]Man,"RES
1b:x-dman-HEX-1:5
2b:a-dman-HEX-1:5
3b:a-dman-HEX-1:5
4b:a-dman-HEX-1:5
5b:a-dman-HEX-1:5
6b:a-dman-HEX-1:5
LIN
1:1o(3+1)2d
2:2o(2+1)3d
3:1o(6+1)4d
4:4o(3+1)5d
5:4o(6+1)6d",G65507FU
36,Fuc(a1-2)Gal(b1-3)[Fuc(a1-4)]GlcNAc,"RES
1b:x-dglc-HEX-1:5
2s:n-acetyl
3b:b-dgal-HEX-1:5
4b:a-lgal-HEX-1:5|6:d
5b:a-lgal-HEX-1:5|6:d
LIN
1:1d(2+1)2n
2:1o(3+1)3d
3:3o(2+1)4d
4:1o(4+1)5d",G39211DH
37,Glc(a1-2)Fruf,"RES
1b:x-dara-HEX-2:5|2:keto
2b:a-dglc-HEX-1:5
LIN
1:1o(2+1)2d",G44609GT
38,Gal(b1-4)GlcNAc(b1-2)Man(a1-3)[GlcNAc(b1-2)Man(a1-6)]Man(b1-4)GlcNAc(b1-4)[Fuc(a1-6)]GlcNAc,"RES
1b:x-dglc-HEX-1:5
2s:n-acetyl
3b:b-dglc-HEX-1:5
4s:n-acetyl
5b:b-dman-HEX-1:5
6b:a-dman-HEX-1:5
7b:b-dglc-HEX-1:5
8s:n-acetyl
9b:b-dgal-HEX-1:5
10b:a-dman-HEX-1:5
11b:b-dglc-HEX-1:5
12s:n-acetyl
13b:a-lgal-HEX-1:5|6:d
LIN
1:1d(2+1)2n
2:1o(4+1)3d
3:3d(2+1)4n
4:3o(4+1)5d
5:5o(3+1)6d
6:6o(2+1)7d
7:7d(2+1)8n
8:7o(4+1)9d
9:5o(6+1)10d
10:10o(2+1)11d
11:11d(2+1)12n
12:1o(6+1)13d",G53582JE
39,Gal(b1-4)[Fuc(a1-3)]GlcNAc(b1-2)Man(a1-3)[GlcNAc(b1-2)Man(a1-6)]Man(b1-4)GlcNAc(b1-4)[Fuc(a1-6)]GlcNAc,"RES
1b:x-dglc-HEX-1:5
2s:n-acetyl
3b:b-dglc-HEX-1:5
4s:n-acetyl
5b:b-dman-HEX-1:5
6b:a-dman-HEX-1:5
7b:b-dglc-HEX-1:5
8s:n-acetyl
9b:a-lgal-HEX-1:5|6:d
10b:b-dgal-HEX-1:5
11b:a-dman-HEX-1:5
12b:b-dglc-HEX-1:5
13s:n-acetyl
14b:a-lgal-HEX-1:5|6:d
LIN
1:1d(2+1)2n
2:1o(4+1)3d
3:3d(2+1)4n
4:3o(4+1)5d
5:5o(3+1)6d
6:6o(2+1)7d
7:7d(2+1)8n
8:7o(3+1)9d
9:7o(4+1)10d
10:5o(6+1)11d
11:11o(2+1)12d
12:12d(2+1)13n
13:1o(6+1)14d",G44541JO
40,MurAc,"RES
1b:x-dglc-HEX-1:5
2s:amino
3s:(r)-carboxyethyl
LIN
1:1d(2+1)2n
2:1o(3+1)3n",G42792MV
41,Gal(b1-4)GlcNAc(b1-2)Man(a1-3)[Gal(b1-4)GlcNAc(b1-2)Man(a1-6)]Man(b1-4)GlcNAc,"RES
1b:x-dglc-HEX-1:5
2s:n-acetyl
3b:b-dman-HEX-1:5
4b:a-dman-HEX-1:5
5b:b-dglc-HEX-1:5
6s:n-acetyl
7b:b-dgal-HEX-1:5
8b:a-dman-HEX-1:5
9b:b-dglc-HEX-1:5
10s:n-acetyl
11b:b-dgal-HEX-1:5
LIN
1:1d(2+1)2n
2:1o(4+1)3d
3:3o(3+1)4d
4:4o(2+1)5d
5:5d(2+1)6n
6:5o(4+1)7d
7:3o(6+1)8d
8:8o(2+1)9d
9:9d(2+1)10n
10:9o(4+1)11d",G96283OE
42,Man(a1-3)Man(b1-4)GlcNAc,"RES
1b:x-dglc-HEX-1:5
2s:n-acetyl
3b:b-dman-HEX-1:5
4b:a-dman-HEX-1:5
LIN
1:1d(2+1)2n
2:1o(4+1)3d
3:3o(3+1)4d",G47023PF
43,GalNAc(a1-3)GalNAc,"RES
1b:x-dgal-HEX-1:5
2s:n-acetyl
3b:a-dgal-HEX-1:5
4s:n-acetyl
LIN
1:1d(2+1)2n
2:1o(3+1)3d
3:3d(2+1)4n",G45388GV
44,GalNAc(a1-3)[Fuc(a1-2)]Gal,"RES
1b:x-dgal-HEX-1:5
2b:a-lgal-HEX-1:5|6:d
3b:a-dgal-HEX-1:5
4s:n-acetyl
LIN
1:1o(2+1)2d
2:1o(3+1)3d
3:3d(2+1)4n",G55958KV
45,NeuAc(a2-3)Gal(b1-3)GlcNAc(b1-3)Gal(b1-4)Glc,"RES
1b:x-dglc-HEX-1:5
2b:b-dgal-HEX-1:5
3b:b-dglc-HEX-1:5
4s:n-acetyl
5b:b-dgal-HEX-1:5
6b:a-dgro-dgal-NON-2:6|1:a|2:keto|3:d
7s:n-acetyl
LIN
1:1o(4+1)2d
2:2o(3+1)3d
3:3d(2+1)4n
4:3o(3+1)5d
5:5o(3+2)6d
6:6d(5+1)7n",G21066IE
46,NeuAc(a2-6)Gal(b1-4)GlcNAc(b1-3)Gal(b1-4)Glc,"RES
1b:x-dglc-HEX-1:5
2b:b-dgal-HEX-1:5
3b:b-dglc-HEX-1:5
4s:n-acetyl
5b:b-dgal-HEX-1:5
6b:a-dgro-dgal-NON-2:6|1:a|2:keto|3:d
7s:n-acetyl
LIN
1:1o(4+1)2d
2:2o(3+1)3d
3:3d(2+1)4n
4:3o(4+1)5d
5:5o(6+2)6d
6:6d(5+1)7n",G72506RN
47,Glc(b1-2)Fruf,"RES
1b:x-dara-HEX-2:5|2:keto
2b:b-dglc-HEX-1:5
LIN
1:1o(2+1)2d",G57521AM
48,Glc(b1-3)Fruf,"RES
1b:x-dara-HEX-2:5|2:keto
2b:b-dglc-HEX-1:5
LIN
1:1o(3+1)2d",G85640IE
49,GlcNAc(b1-4)GlcNAc(b1-4)GlcNAc(b1-4)GlcNAc(b1-4)GlcNAc,"RES
1b:x-dglc-HEX-1:5
2s:n-acetyl
3b:b-dglc-HEX-1:5
4s:n-acetyl
5b:b-dglc-HEX-1:5
6s:n-acetyl
7b:b-dglc-HEX-1:5
8s:n-acetyl
9b:b-dglc-HEX-1:5
10s:n-acetyl
LIN
1:1d(2+1)2n
2:1o(4+1)3d
3:3d(2+1)4n
4:3o(4+1)5d
5:5d(2+1)6n
6:5o(4+1)7d
7:7d(2+1)8n
8:7o(4+1)9d
9:9d(2+1)10n",G90142YY
50,Fru,"RES
1b:x-dara-HEX-2:6|2:keto",G72000NJ
51,NeuAc(a2-6)Gal,"RES
1b:x-dgal-HEX-1:5
2b:a-dgro-dgal-NON-2:6|1:a|2:keto|3:d
3s:n-acetyl
LIN
1:1o(6+2)2d
2:2d(5+1)3n",G44345UH
52,Glc(a1-4)Glc,"RES
1b:x-dglc-HEX-1:5
2b:a-dglc-HEX-1:5
LIN
1:1o(4+1)2d",G41366RG
53,Man(a1-4)Man,"RES
1b:x-dman-HEX-1:5
2b:a-dman-HEX-1:5
LIN
1:1o(4+1)2d",G97944IJ
54,Man(a1-6)Man,"RES
1b:x-dman-HEX-1:5
2b:a-dman-HEX-1:5
LIN
1:1o(6+1)2d",G51379UR
55,Gal(a1-4)Gal(b1-4)Glc,"RES
1b:x-dglc-HEX-1:5
2b:b-dgal-HEX-1:5
3b:a-dgal-HEX-1:5
LIN
1:1o(4+1)2d
2:2o(4+1)3d",G06000DZ
56,NeuAc(a2-3)Gal(b1-4)GlcNAc,"RES
1b:x-dglc-HEX-1:5
2s:n-acetyl
3b:b-dgal-HEX-1:5
4b:a-dgro-dgal-NON-2:6|1:a|2:keto|3:d
5s:n-acetyl
LIN
1:1d(2+1)2n
2:1o(4+1)3d
3:3o(3+2)4d
4:4d(5+1)5n",G10203DW
57,NeuAc(a2-6)Gal(b1-4)GlcNAc,"RES
1b:x-dglc-HEX-1:5
2s:n-acetyl
3b:b-dgal-HEX-1:5
4b:a-dgro-dgal-NON-2:6|1:a|2:keto|3:d
5s:n-acetyl
LIN
1:1d(2+1)2n
2:1o(4+1)3d
3:3o(6+2)4d
4:4d(5+1)5n",G09376MR
58,NeuAc(a2-3)Gal(b1-3)[NeuAc(a2-6)]GlcNAc,"RES
1b:x-dglc-HEX-1:5
2s:n-acetyl
3b:b-dgal-HEX-1:5
4b:a-dgro-dgal-NON-2:6|1:a|2:keto|3:d
5s:n-acetyl
6b:a-dgro-dgal-NON-2:6|1:a|2:keto|3:d
7s:n-acetyl
LIN
1:1d(2+1)2n
2:1o(3+1)3d
3:3o(3+2)4d
4:4d(5+1)5n
5:1o(6+2)6d
6:6d(5+1)7n",G79475GW
59,Man(a1-6)[Man(a1-3)]Man(a1-6)Man,"RES
1b:x-dman-HEX-1:5
2b:a-dman-HEX-1:5
3b:a-dman-HEX-1:5
4b:a-dman-HEX-1:5
LIN
1:1o(6+1)2d
2:2o(3+1)3d
3:2o(6+1)4d",G20671VB
60,Gal(b1-4)[Fuc(a1-3)]GlcNAc(b1-3)Gal(b1-4)Glc,"RES
1b:x-dglc-HEX-1:5
2b:b-dgal-HEX-1:5
3b:b-dglc-HEX-1:5
4s:n-acetyl
5b:a-lgal-HEX-1:5|6:d
6b:b-dgal-HEX-1:5
LIN
1:1o(4+1)2d
2:2o(3+1)3d
3:3d(2+1)4n
4:3o(3+1)5d
5:3o(4+1)6d",G83916HL
61,Gal(a1-2)[Tyv(a1-3)]Man(a1-4)Rha(a1-3)Gal(a1-2)[Tyv(a1-3)]Man(a1-4)Rha,"RES
1b:x-lman-HEX-1:5|6:d
2b:a-dman-HEX-1:5
3b:a-dgal-HEX-1:5
4b:a-lman-HEX-1:5|6:d
5b:a-dman-HEX-1:5
6b:a-dgal-HEX-1:5
7b:a-dara-PEN-1:5|3:d|6:d
8b:a-dara-PEN-1:5|3:d|6:d
LIN
1:1o(4+1)2d
2:2o(2+1)3d
3:3o(3+1)4d
4:4o(4+1)5d
5:5o(2+1)6d
6:5o(3+1)7d
7:2o(3+1)8d",
62,Gal(a1-2)[Tyv(a1-3)]Man(a1-4)Rha(a1-3)[Glc(a1-4)]Gal(a1-2)[Tyv(a1-3)]Man(a1-4)Rha,"RES
1b:x-lman-HEX-1:5|6:d
2b:a-dman-HEX-1:5
3b:a-dgal-HEX-1:5
4b:a-lman-HEX-1:5|6:d
5b:a-dman-HEX-1:5
6b:a-dgal-HEX-1:5
7b:a-dara-PEN-1:5|3:d|6:d
8b:a-dglc-HEX-1:5
9b:a-dara-PEN-1:5|3:d|6:d
LIN
1:1o(4+1)2d
2:2o(2+1)3d
3:3o(3+1)4d
4:4o(4+1)5d
5:5o(2+1)6d
6:5o(3+1)7d
7:3o(4+1)8d
8:2o(3+1)9d",
63,Gal(a1-2)[Abe(a1-3)]Man(a1-4)Rha(a1-3)Gal(a1-2)[Abe(a1-3)]Man(a1-4)Rha,"RES
1b:x-lman-HEX-1:5|6:d
2b:a-dman-HEX-1:5
3b:a-dgal-HEX-1:5
4b:a-lman-HEX-1:5|6:d
5b:a-dman-HEX-1:5
6b:a-dgal-HEX-1:5
7b:a-dxyl-PEN-1:5|3:d|6:d
8b:a-dxyl-PEN-1:5|3:d|6:d
LIN
1:1o(4+1)2d
2:2o(2+1)3d
3:3o(3+1)4d
4:4o(4+1)5d
5:5o(2+1)6d
6:5o(3+1)7d
7:2o(3+1)8d",
64,Gal(a1-6)Glc,"RES
1b:x-dglc-HEX-1:5
2b:a-dgal-HEX-1:5
LIN
1:1o(6+1)2d",G09165XB
65,GalNAc(b1-3)Gal,"RES
1b:x-dgal-HEX-1:5
2b:b-dgal-HEX-1:5
3s:n-acetyl
LIN
1:1o(3+1)2d
2:2d(2+1)3n",G87315SO
66,Fuc(a1-2)Gal(b1-4)GlcNAc,"RES
1b:x-dglc-HEX-1:5
2s:n-acetyl
3b:b-dgal-HEX-1:5
4b:a-lgal-HEX-1:5|6:d
LIN
1:1d(2+1)2n
2:1o(4+1)3d
3:3o(2+1)4d",G39064VB
67,Gal(a1-3)Gal(b1-4)GlcNAc,"RES
1b:x-dglc-HEX-1:5
2s:n-acetyl
3b:b-dgal-HEX-1:5
4b:a-dgal-HEX-1:5
LIN
1:1d(2+1)2n
2:1o(4+1)3d
3:3o(3+1)4d",G27798EJ
68,GalNAc(a1-3)[Fuc(a1-2)]Gal(b1-4)Glc,"RES
1b:x-dglc-HEX-1:5
2b:b-dgal-HEX-1:5
3b:a-lgal-HEX-1:5|6:d
4b:a-dgal-HEX-1:5
5s:n-acetyl
LIN
1:1o(4+1)2d
2:2o(2+1)3d
3:2o(3+1)4d
4:4d(2+1)5n",G90377OF
69,Gal(b1-3)GlcNAc,"RES
1b:x-dglc-HEX-1:5
2s:n-acetyl
3b:b-dgal-HEX-1:5
LIN
1:1d(2+1)2n
2:1o(3+1)3d",G04616ST
70,NeuAc(a2-3)Gal,"RES
1b:x-dgal-HEX-1:5
2b:a-dgro-dgal-NON-2:6|1:a|2:keto|3:d
3s:n-acetyl
LIN
1:1o(3+2)2d
2:2d(5+1)3n",G77824XV
71,Gal(b1-4)GlcNAc(b1-3)Gal(b1-4)[Fuc(a1-3)]Glc,"RES
1b:x-dglc-HEX-1:5
2b:a-lgal-HEX-1:5|6:d
3b:b-dgal-HEX-1:5
4b:b-dglc-HEX-1:5
5s:n-acetyl
6b:b-dgal-HEX-1:5
LIN
1:1o(3+1)2d
2:1o(4+1)3d
3:3o(3+1)4d
4:4d(2+1)5n
5:4o(4+1)6d",G12045LV
72,Gal(b1-3)[Fuc(a1-4)]GlcNAc,"RES
1b:x-dglc-HEX-1:5
2s:n-acetyl
3b:b-dgal-HEX-1:5
4b:a-lgal-HEX-1:5|6:d
LIN
1:1d(2+1)2n
2:1o(3+1)3d
3:1o(4+1)4d",G00047MO
73,NeuAc(a2-8)NeuAc(a2-3)Gal(b1-4)Glc,"RES
1b:x-dglc-HEX-1:5
2b:b-dgal-HEX-1:5
3b:a-dgro-dgal-NON-2:6|1:a|2:keto|3:d
4s:n-acetyl
5b:a-dgro-dgal-NON-2:6|1:a|2:keto|3:d
6s:n-acetyl
LIN
1:1o(4+1)2d
2:2o(3+2)3d
3:3d(5+1)4n
4:3o(8+2)5d
5:5d(5+1)6n",G81928IQ
74,Man(a1-3)[Man(a1-6)]Man(b1-4)GlcNAc(b1-4)GlcNAc,"RES
1b:x-dglc-HEX-1:5
2s:n-acetyl
3b:b-dglc-HEX-1:5
4s:n-acetyl
5b:b-dman-HEX-1:5
6b:a-dman-HEX-1:5
7b:a-dman-HEX-1:5
LIN
1:1d(2+1)2n
2:1o(4+1)3d
3:3d(2+1)4n
4:3o(4+1)5d
5:5o(3+1)6d
6:5o(6+1)7d",G20624LQ
75,GlcNAc(b1-2)Man,"RES
1b:x-dman-HEX-1:5
2b:b-dglc-HEX-1:5
3s:n-acetyl
LIN
1:1o(2+1)2d
2:2d(2+1)3n",G65609XC
76,GlcNAc(b1-2)Man(a1-3)[GlcNAc(b1-2)Man(a1-6)]Man(b1-4)GlcNAc,"RES
1b:x-dglc-HEX-1:5
2s:n-acetyl
3b:b-dman-HEX-1:5
4b:a-dman-HEX-1:5
5b:b-dglc-HEX-1:5
6s:n-acetyl
7b:a-dman-HEX-1:5
8b:b-dglc-HEX-1:5
9s:n-acetyl
LIN
1:1d(2+1)2n
2:1o(4+1)3d
3:3o(3+1)4d
4:4o(2+1)5d
5:5d(2+1)6n
6:3o(6+1)7d
7:7o(2+1)8d
8:8d(2+1)9n",G18980FQ
77,GlcNAc(b1-2)Man(a1-3)Man,"RES
1b:x-dman-HEX-1:5
2b:a-dman-HEX-1:5
3b:b-dglc-HEX-1:5
4s:n-acetyl
LIN
1:1o(3+1)2d
2:2o(2+1)3d
3:3d(2+1)4n",G82739ZR
78,Xyl(b1-3)Man,"RES
1b:x-dman-HEX-1:5
2b:b-dxyl-PEN-1:5
LIN
1:1o(3+1)2d",
79,Glc(b1-3)Glc,"RES
1b:x-dglc-HEX-1:5
2b:b-dglc-HEX-1:5
LIN
1:1o(3+1)2d",G52148JS
80,Ara,"RES
1b:x-dara-PEN-1:5",G91625IP
81,Gal(a1-3)Gal(b1-4)Glc,"RES
1b:x-dglc-HEX-1:5
2b:b-dgal-HEX-1:5
3b:a-dgal-HEX-1:5
LIN
1:1o(4+1)2d
2:2o(3+1)3d",G48740SL
82,LGal,"RES
1b:x-lgal-HEX-1:5",G75623HL
83,Fuc(a1-2)Gal(b1-2)Xyl,"RES
1b:x-dxyl-PEN-1:5
2b:b-dgal-HEX-1:5
3b:a-lgal-HEX-1:5|6:d
LIN
1:1o(2+1)2d
2:2o(2+1)3d",G05049AS
84,Glc(b1-3)Glc(b1-3)Glc,"RES
1b:x-dglc-HEX-1:5
2b:b-dglc-HEX-1:5
3b:b-dglc-HEX-1:5
LIN
1:1o(3+1)2d
2:2o(3+1)3d",G44414OJ
85,NeuAc(a2-3)Gal(b1-3)[NeuAc(a2-6)]GalNAc,"RES
1b:x-dgal-HEX-1:5
2s:n-acetyl
3b:b-dgal-HEX-1:5
4b:a-dgro-dgal-NON-2:6|1:a|2:keto|3:d
5s:n-acetyl
6b:a-dgro-dgal-NON-2:6|1:a|2:keto|3:d
7s:n-acetyl
LIN
1:1d(2+1)2n
2:1o(3+1)3d
3:3o(3+2)4d
4:4d(5+1)5n
5:1o(6+2)6d
6:6d(5+1)7n",G65191ST
86,Glc(a1-1)Glc,"RES
1b:x-dglc-HEX-1:5
2b:a-dglc-HEX-1:5
LIN
1:1o(1+1)2d",G10543DQ
87,Gal(b1-4)GlcNAc(b1-3)Gal(b1-4)GlcNAc,"RES
1b:x-dglc-HEX-1:5
2s:n-acetyl
3b:b-dgal-HEX-1:5
4b:b-dglc-HEX-1:5
5s:n-acetyl
6b:b-dgal-HEX-1:5
LIN
1:1d(2+1)2n
2:1o(4+1)3d
3:3o(3+1)4d
4:4d(2+1)5n
5:4o(4+1)6d",G45207BM
88,NeuAc(a2-6)Gal(b1-4)Glc,"RES
1b:x-dglc-HEX-1:5
2b:b-dgal-HEX-1:5
3b:a-dgro-dgal-NON-2:6|1:a|2:keto|3:d
4s:n-acetyl
LIN
1:1o(4+1)2d
2:2o(6+2)3d
3:3d(5+1)4n",G69893KP
89,Gal(b1-3)Gal,"RES
1b:x-dgal-HEX-1:5
2b:b-dgal-HEX-1:5
LIN
1:1o(3+1)2d",G02753DE
90,Gal(b1-6)GalNAc,"RES
1b:x-dgal-HEX-1:5
2s:n-acetyl
3b:b-dgal-HEX-1:5
LIN
1:1d(2+1)2n
2:1o(6+1)3d",G27589TC
91,Gal(b1-6)Glc,"RES
1b:x-dglc-HEX-1:5
2b:b-dgal-HEX-1:5
LIN
1:1o(6+1)2d",G44856HU
92,GalNAc(a1-3)Gal,"RES
1b:x-dgal-HEX-1:5
2b:a-dgal-HEX-1:5
3s:n-acetyl
LIN
1:1o(3+1)2d
2:2d(2+1)3n",G33395TI
93,Man(a1-2)Man(a1-3)Man,"RES
1b:x-dman-HEX-1:5
2b:a-dman-HEX-1:5
3b:a-dman-HEX-1:5
LIN
1:1o(3+1)2d
2:2o(2+1)3d",G47764XB
94,GalNAc(a1-3)Gal(b1-4)Glc,"RES
1b:x-dglc-HEX-1:5
2b:b-dgal-HEX-1:5
3b:a-dgal-HEX-1:5
4s:n-acetyl
LIN
1:1o(4+1)2d
2:2o(3+1)3d
3:3d(2+1)4n",G95341UA
95,GalNAc(a1-3)GalNAc(b1-3)Gal,"RES
1b:x-dgal-HEX-1:5
2b:b-dgal-HEX-1:5
3s:n-acetyl
4b:a-dgal-HEX-1:5
5s:n-acetyl
LIN
1:1o(3+1)2d
2:2d(2+1)3n
3:2o(3+1)4d
4:4d(2+1)5n",G68607SL
96,Glc(a1-4)Glc(a1-4)Glc,"RES
1b:x-dglc-HEX-1:5
2b:a-dglc-HEX-1:5
3b:a-dglc-HEX-1:5
LIN
1:1o(4+1)2d
2:2o(4+1)3d",G33575EC
97,GalNAc(b1-4)[NeuAc(a2-8)NeuAc(a2-3)]Gal(b1-4)Glc,"RES
1b:x-dglc-HEX-1:5
2b:b-dgal-HEX-1:5
3b:a-dgro-dgal-NON-2:6|1:a|2:keto|3:d
4s:n-acetyl
5b:a-dgro-dgal-NON-2:6|1:a|2:keto|3:d
6s:n-acetyl
7b:b-dgal-HEX-1:5
8s:n-acetyl
LIN
1:1o(4+1)2d
2:2o(3+2)3d
3:3d(5+1)4n
4:3o(8+2)5d
5:5d(5+1)6n
6:2o(4+1)7d
7:7d(2+1)8n",G41759HA
98,ManNAc,"RES
1b:x-dman-HEX-1:5
2s:n-acetyl
LIN
1:1d(2+1)2n",G29494LA
99,Glc(b1-3)Glc(b1-3)Glc(b1-3)Glc,"RES
1b:x-dglc-HEX-1:5
2b:b-dglc-HEX-1:5
3b:b-dglc-HEX-1:5
4b:b-dglc-HEX-1:5
LIN
1:1o(3+1)2d
2:2o(3+1)3d
3:3o(3+1)4d",G45140IE
100,Dfuc,"RES
1b:x-dgal-HEX-1:5|6:d",G25787TL
101,Fuc(a1-4)GlcNAc,"RES
1b:x-dglc-HEX-1:5
2s:n-acetyl
3b:a-lgal-HEX-1:5|6:d
LIN
1:1d(2+1)2n
2:1o(4+1)3d",G47366RU
102,Glc(a1-3)Glc,"RES
1b:x-dglc-HEX-1:5
2b:a-dglc-HEX-1:5
LIN
1:1o(3+1)2d",G56660NC
103,GlcNAc(b1-4)[Fuc(a1-3)]GlcNAc,"RES
1b:x-dglc-HEX-1:5
2s:n-acetyl
3b:a-lgal-HEX-1:5|6:d
4b:b-dglc-HEX-1:5
5s:n-acetyl
LIN
1:1d(2+1)2n
2:1o(3+1)3d
3:1o(4+1)4d
4:4d(2+1)5n",G62300KZ
104,Man(a1-2)Man(a1-3)[Man(a1-3)Man(a1-6)]Man,"RES
1b:x-dman-HEX-1:5
2b:a-dman-HEX-1:5
3b:a-dman-HEX-1:5
4b:a-dman-HEX-1:5
5b:a-dman-HEX-1:5
LIN
1:1o(3+1)2d
2:2o(2+1)3d
3:1o(6+1)4d
4:4o(3+1)5d",G30704AF
105,GalNAc(a1-3)[Fuc(a1-2)]Gal(b1-4)[Fuc(a1-3)]Glc,"RES
1b:x-dglc-HEX-1:5
2b:a-lgal-HEX-1:5|6:d
3b:b-dgal-HEX-1:5
4b:a-lgal-HEX-1:5|6:d
5b:a-dgal-HEX-1:5
6s:n-acetyl
LIN
1:1o(3+1)2d
2:1o(4+1)3d
3:3o(2+1)4d
4:3o(3+1)5d
5:5d(2+1)6n",G13910LY
106,Gal(a1-3)[Fuc(a1-2)]Gal,"RES
1b:x-dgal-HEX-1:5
2b:a-lgal-HEX-1:5|6:d
3b:a-dgal-HEX-1:5
LIN
1:1o(2+1)2d
2:1o(3+1)3d",G58612ZQ
107,Man(a1-2)Man(a1-6)[Man(a1-3)]Man(a1-6)Man,"RES
1b:x-dman-HEX-1:5
2b:a-dman-HEX-1:5
3b:a-dman-HEX-1:5
4b:a-dman-HEX-1:5
5b:a-dman-HEX-1:5
LIN
1:1o(6+1)2d
2:2o(3+1)3d
3:2o(6+1)4d
4:4o(2+1)5d",G28528AG
108,DDmanHep,"RES
1b:x-dgro-dman-HEP-1:5",G99199AD
109,LDmanHep,"RES
1b:x-lgro-dman-HEP-1:5",G79085KK
110,LDmanHep(a1-3)LDmanHep,"RES
1b:x-lgro-dman-HEP-1:5
2b:a-lgro-dman-HEP-1:5
LIN
1:1o(3+1)2d",G64541AU
111,Man(a1-2)Man(a1-2)Man,"RES
1b:x-dman-HEX-1:5
2b:a-dman-HEX-1:5
3b:a-dman-HEX-1:5
LIN
1:1o(2+1)2d
2:2o(2+1)3d",G09342SH
112,Rha(a1-6)Glc(a1-4)[GlcNAc(b1-3)]Gal(a1-3)[Glc(a1-6)]GlcNAc,"RES
1b:x-dglc-HEX-1:5
2s:n-acetyl
3b:a-dgal-HEX-1:5
4b:b-dglc-HEX-1:5
5s:n-acetyl
6b:a-dglc-HEX-1:5
7b:a-lman-HEX-1:5|6:d
8b:a-dglc-HEX-1:5
LIN
1:1d(2+1)2n
2:1o(3+1)3d
3:3o(3+1)4d
4:4d(2+1)5n
5:3o(4+1)6d
6:6o(6+1)7d
7:1o(6+1)8d",G35587SF
113,GlcNAc(b1-2)Man(a1-3)[GlcNAc(b1-2)Man(a1-6)]Man(b1-4)GlcNAc(b1-4)GlcNAc,"RES
1b:x-dglc-HEX-1:5
2s:n-acetyl
3b:b-dglc-HEX-1:5
4s:n-acetyl
5b:b-dman-HEX-1:5
6b:a-dman-HEX-1:5
7b:b-dglc-HEX-1:5
8s:n-acetyl
9b:a-dman-HEX-1:5
10b:b-dglc-HEX-1:5
11s:n-acetyl
LIN
1:1d(2+1)2n
2:1o(4+1)3d
3:3d(2+1)4n
4:3o(4+1)5d
5:5o(3+1)6d
6:6o(2+1)7d
7:7d(2+1)8n
8:5o(6+1)9d
9:9o(2+1)10d
10:10d(2+1)11n",G88876JQ
114,Gal(b1-4)Fuc(a1-6)GlcNAc,"RES
1b:x-dglc-HEX-1:5
2s:n-acetyl
3b:a-lgal-HEX-1:5|6:d
4b:b-dgal-HEX-1:5
LIN
1:1d(2+1)2n
2:1o(6+1)3d
3:3o(4+1)4d",G60087WL
115,Gal(b1-4)GlcNAc(b1-3)Gal(b1-4)GlcNAc(b1-3)Gal(b1-4)GlcNAc,"RES
1b:x-dglc-HEX-1:5
2s:n-acetyl
3b:b-dgal-HEX-1:5
4b:b-dglc-HEX-1:5
5s:n-acetyl
6b:b-dgal-HEX-1:5
7b:b-dglc-HEX-1:5
8s:n-acetyl
9b:b-dgal-HEX-1:5
LIN
1:1d(2+1)2n
2:1o(4+1)3d
3:3o(3+1)4d
4:4d(2+1)5n
5:4o(4+1)6d
6:6o(3+1)7d
7:7d(2+1)8n
8:7o(4+1)9d",G26929DQ
116,Gal(a1-2)Gal,"RES
1b:x-dgal-HEX-1:5
2b:a-dgal-HEX-1:5
LIN
1:1o(2+1)2d",G35178XK
117,Man(a1-2)Man(a1-3)[Man(a1-6)]Man,"RES
1b:x-dman-HEX-1:5
2b:a-dman-HEX-1:5
3b:a-dman-HEX-1:5
4b:a-dman-HEX-1:5
LIN
1:1o(3+1)2d
2:2o(2+1)3d
3:1o(6+1)4d",G84430BE
118,Gal(b1-4)GlcNAc(b1-3)Gal(b1-4)Glc,"RES
1b:x-dglc-HEX-1:5
2b:b-dgal-HEX-1:5
3b:b-dglc-HEX-1:5
4s:n-acetyl
5b:b-dgal-HEX-1:5
LIN
1:1o(4+1)2d
2:2o(3+1)3d
3:3d(2+1)4n
4:3o(4+1)5d",G48059CD
119,Fuc(a1-2)Gal(b1-3)GlcNAc(b1-3)Gal(b1-4)Glc,"RES
1b:x-dglc-HEX-1:5
2b:b-dgal-HEX-1:5
3b:b-dglc-HEX-1:5
4s:n-acetyl
5b:b-dgal-HEX-1:5
6b:a-lgal-HEX-1:5|6:d
LIN
1:1o(4+1)2d
2:2o(3+1)3d
3:3d(2+1)4n
4:3o(3+1)5d
5:5o(2+1)6d",G01650PH
120,Gal(a1-4)Gal,"RES
1b:x-dgal-HEX-1:5
2b:a-dgal-HEX-1:5
LIN
1:1o(4+1)2d",G62763GO
121,Rha,"RES
1b:x-lman-HEX-1:5|6:d",G07006BT
122,Man(a1-6)Man(a1-6)Man,"RES
1b:x-dman-HEX-1:5
2b:a-dman-HEX-1:5
3b:a-dman-HEX-1:5
LIN
1:1o(6+1)2d
2:2o(6+1)3d",G97536OM
123,Gal(a1-4)Glc(a1-2)Fruf,"RES
1b:x-dara-HEX-2:5|2:keto
2b:a-dglc-HEX-1:5
3b:a-dgal-HEX-1:5
LIN
1:1o(2+1)2d
2:2o(4+1)3d",
124,GalNAc(a1-3)[Fuc(a1-2)]Gal(b1-3)GlcNAc,"RES
1b:x-dglc-HEX-1:5
2s:n-acetyl
3b:b-dgal-HEX-1:5
4b:a-lgal-HEX-1:5|6:d
5b:a-dgal-HEX-1:5
6s:n-acetyl
LIN
1:1d(2+1)2n
2:1o(3+1)3d
3:3o(2+1)4d
4:3o(3+1)5d
5:5d(2+1)6n",G58507AZ
125,Fuc(a1-2)Gal(b1-3)GlcNAc,"RES
1b:x-dglc-HEX-1:5
2s:n-acetyl
3b:b-dgal-HEX-1:5
4b:a-lgal-HEX-1:5|6:d
LIN
1:1d(2+1)2n
2:1o(3+1)3d
3:3o(2+1)4d",G88393MK
126,NeuGc,"RES
1b:x-dgro-dgal-NON-2:6|1:a|2:keto|3:d
2s:n-glycolyl
LIN
1:1d(5+1)2n",G43724HA
127,NeuGc(a2-3)Gal(b1-3)GalNAc,"RES
1b:x-dgal-HEX-1:5
2s:n-acetyl
3b:b-dgal-HEX-1:5
4b:a-dgro-dgal-NON-2:6|1:a|2:keto|3:d
5s:n-glycolyl
LIN
1:1d(2+1)2n
2:1o(3+1)3d
3:3o(3+2)4d
4:4d(5+1)5n",G91484JV
128,NeuAc(a2-3)Gal(b1-3)GlcNAc,"RES
1b:x-dglc-HEX-1:5
2s:n-acetyl
3b:b-dgal-HEX-1:5
4b:a-dgro-dgal-NON-2:6|1:a|2:keto|3:d
5s:n-acetyl
LIN
1:1d(2+1)2n
2:1o(3+1)3d
3:3o(3+2)4d
4:4d(5+1)5n",G59168YE
129,GlcNAc(b1-3)Gal,"RES
1b:x-dgal-HEX-1:5
2b:b-dglc-HEX-1:5
3s:n-acetyl
LIN
1:1o(3+1)2d
2:2d(2+1)3n",G02880JU
130,GalN,"RES
1b:x-dgal-HEX-1:5
2s:amino
LIN
1:1d(2+1)2n",G16633GB
131,NeuAc(a2-8)NeuAc(a2-8)NeuAc,"RES
1b:x-dgro-dgal-NON-2:6|1:a|2:keto|3:d
2s:n-acetyl
3b:a-dgro-dgal-NON-2:6|1:a|2:keto|3:d
4s:n-acetyl
5b:a-dgro-dgal-NON-2:6|1:a|2:keto|3:d
6s:n-acetyl
LIN
1:1d(5+1)2n
2:1o(8+2)3d
3:3d(5+1)4n
4:3o(8+2)5d
5:5d(5+1)6n",G25213CC
132,Neu5Ac(a2-8)Neu5Ac,"RES
1b:x-dgro-dgal-NON-2:6|1:a|2:keto|3:d
2s:n-acetyl
3b:a-dgro-dgal-NON-2:6|1:a|2:keto|3:d
4s:n-acetyl
LIN
1:1d(5+1)2n
2:1o(8+2)3d
3:3d(5+1)4n",G97569KL
133,Man(a1-2)Man(a1-3)[Man(a1-6)]Man(a1-6)[Man(a1-2)Man(a1-2)Man(a1-3)]Man,"RES
1b:x-dman-HEX-1:5
2b:a-dman-HEX-1:5
3b:a-dman-HEX-1:5
4b:a-dman-HEX-1:5
5b:a-dman-HEX-1:5
6b:a-dman-HEX-1:5
7b:a-dman-HEX-1:5
8b:a-dman-HEX-1:5
LIN
1:1o(3+1)2d
2:2o(2+1)3d
3:3o(2+1)4d
4:1o(6+1)5d
5:5o(3+1)6d
6:6o(2+1)7d
7:5o(6+1)8d",G04869AE
134,Gal(b1-3)GalNAc(b1-4)[NeuAc(a1-3)]Gal(b1-4)Glc,"RES
1b:x-dglc-HEX-1:5
2b:b-dgal-HEX-1:5
3b:a-dgro-dgal-NON-2:6|1:a|2:keto|3:d
4s:n-acetyl
5b:b-dgal-HEX-1:5
6s:n-acetyl
7b:b-dgal-HEX-1:5
LIN
1:1o(4+1)2d
2:2o(3+1)3d
3:3d(5+1)4n
4:2o(4+1)5d
5:5d(2+1)6n
6:5o(3+1)7d",
135,Gal(b1-3)[NeuAc(a2-6)]GlcNAc(b1-3)Gal,"RES
1b:x-dgal-HEX-1:5
2b:b-dglc-HEX-1:5
3s:n-acetyl
4b:b-dgal-HEX-1:5
5b:a-dgro-dgal-NON-2:6|1:a|2:keto|3:d
6s:n-acetyl
LIN
1:1o(3+1)2d
2:2d(2+1)3n
3:2o(3+1)4d
4:2o(6+2)5d
5:5d(5+1)6n",G91415NU
136,NeuAc(a2-3)Gal(b1-3)GalNAc(b1-4)[NeuAc(a2-3)]Gal(b1-4)Glc,"RES
1b:x-dglc-HEX-1:5
2b:b-dgal-HEX-1:5
3b:a-dgro-dgal-NON-2:6|1:a|2:keto|3:d
4s:n-acetyl
5b:b-dgal-HEX-1:5
6s:n-acetyl
7b:b-dgal-HEX-1:5
8b:a-dgro-dgal-NON-2:6|1:a|2:keto|3:d
9s:n-acetyl
LIN
1:1o(4+1)2d
2:2o(3+2)3d
3:3d(5+1)4n
4:2o(4+1)5d
5:5d(2+1)6n
6:5o(3+1)7d
7:7o(3+2)8d
8:8d(5+1)9n",G69277LC
137,GalNAc(b1-4)GlcNAc,"RES
1b:x-dglc-HEX-1:5
2s:n-acetyl
3b:b-dgal-HEX-1:5
4s:n-acetyl
LIN
1:1d(2+1)2n
2:1o(4+1)3d
3:3d(2+1)4n",G31736BK
138,Gal(b1-4)GlcNAc(b1-2)Man,"RES
1b:x-dman-HEX-1:5
2b:b-dglc-HEX-1:5
3s:n-acetyl
4b:b-dgal-HEX-1:5
LIN
1:1o(2+1)2d
2:2d(2+1)3n
3:2o(4+1)4d",G87860OU
139,Glc(a1-3)Man(a1-2)Man(a1-2)Mana,"RES
1b:x-dman-HEX-1:5|6:a
2b:a-dman-HEX-1:5
3b:a-dman-HEX-1:5
4b:a-dglc-HEX-1:5
LIN
1:1o(2+1)2d
2:2o(2+1)3d
3:3o(3+1)4d",G98920NA
140,Fuc(a1-2)Gal,"RES
1b:x-dgal-HEX-1:5
2b:a-lgal-HEX-1:5|6:d
LIN
1:1o(2+1)2d",G66086EX
141,Fuc(a1-2)Gal(b1-3)[Fuc(a1-4)]GlcNAc(b1-3)Gal(b1-4)Glc,"RES
1b:x-dglc-HEX-1:5
2b:b-dgal-HEX-1:5
3b:b-dglc-HEX-1:5
4s:n-acetyl
5b:b-dgal-HEX-1:5
6b:a-lgal-HEX-1:5|6:d
7b:a-lgal-HEX-1:5|6:d
LIN
1:1o(4+1)2d
2:2o(3+1)3d
3:3d(2+1)4n
4:3o(3+1)5d
5:5o(2+1)6d
6:3o(4+1)7d",G50540JU
142,NeuGc(a2-3)Gal(b1-4)Glc,"RES
1b:x-dglc-HEX-1:5
2b:b-dgal-HEX-1:5
3b:a-dgro-dgal-NON-2:6|1:a|2:keto|3:d
4s:n-glycolyl
LIN
1:1o(4+1)2d
2:2o(3+2)3d
3:3d(5+1)4n",G32969VW
143,Tal,"RES
1b:x-dtal-HEX-1:5",G05946XD
144,NeuAc(a2-6)Gal(b1-4)GlcNAc(b1-3)Gal,"RES
1b:x-dgal-HEX-1:5
2b:b-dglc-HEX-1:5
3s:n-acetyl
4b:b-dgal-HEX-1:5
5b:a-dgro-dgal-NON-2:6|1:a|2:keto|3:d
6s:n-acetyl
LIN
1:1o(3+1)2d
2:2d(2+1)3n
3:2o(4+1)4d
4:4o(6+2)5d
5:5d(5+1)6n",G59001FP
145,Gal(b1-4)Fuc,"RES
1b:x-lgal-HEX-1:5|6:d
2b:b-dgal-HEX-1:5
LIN
1:1o(4+1)2d",
146,Fuc(a1-2)Gal(b1-3)GlcNAc(b1-3)Gal,"RES
1b:x-dgal-HEX-1:5
2b:b-dglc-HEX-1:5
3s:n-acetyl
4b:b-dgal-HEX-1:5
5b:a-lgal-HEX-1:5|6:d
LIN
1:1o(3+1)2d
2:2d(2+1)3n
3:2o(3+1)4d
4:4o(2+1)5d",G50899UD
147,Gal(a1-3)[Fuc(a1-2)]Gal(b1-4)Glc,"RES
1b:x-dglc-HEX-1:5
2b:b-dgal-HEX-1:5
3b:a-lgal-HEX-1:5|6:d
4b:a-dgal-HEX-1:5
LIN
1:1o(4+1)2d
2:2o(2+1)3d
3:2o(3+1)4d",G31457FJ
148,Gal(b1-3)Glc,"RES
1b:x-dglc-HEX-1:5
2b:b-dgal-HEX-1:5
LIN
1:1o(3+1)2d",G93265RE
149,GalNAc(a1-3)[Fuc(a1-2)]Gal(b1-3)GlcNAc(b1-3)Gal(b1-4)Glc,"RES
1b:x-dglc-HEX-1:5
2b:b-dgal-HEX-1:5
3b:b-dglc-HEX-1:5
4s:n-acetyl
5b:b-dgal-HEX-1:5
6b:a-lgal-HEX-1:5|6:d
7b:a-dgal-HEX-1:5
8s:n-acetyl
LIN
1:1o(4+1)2d
2:2o(3+1)3d
3:3d(2+1)4n
4:3o(3+1)5d
5:5o(2+1)6d
6:5o(3+1)7d
7:7d(2+1)8n",G11928TH
150,Gal(a1-3)[Fuc(a1-2)]Gal(b1-3)GlcNAc(b1-3)Gal(b1-4)Glc,"RES
1b:x-dglc-HEX-1:5
2b:b-dgal-HEX-1:5
3b:b-dglc-HEX-1:5
4s:n-acetyl
5b:b-dgal-HEX-1:5
6b:a-lgal-HEX-1:5|6:d
7b:a-dgal-HEX-1:5
LIN
1:1o(4+1)2d
2:2o(3+1)3d
3:3d(2+1)4n
4:3o(3+1)5d
5:5o(2+1)6d
6:5o(3+1)7d",G22270QF
151,GalNAc(a1-3)[Fuc(a1-2)]Gal(b1-4)GlcNAc,"RES
1b:x-dglc-HEX-1:5
2s:n-acetyl
3b:b-dgal-HEX-1:5
4b:a-lgal-HEX-1:5|6:d
5b:a-dgal-HEX-1:5
6s:n-acetyl
LIN
1:1d(2+1)2n
2:1o(4+1)3d
3:3o(2+1)4d
4:3o(3+1)5d
5:5d(2+1)6n",G17108EX
152,GlcNAc(b1-2)Man(a1-3)[GlcNAc(b1-2)Man(a1-6)][GlcNAc(b1-4)]Man,"RES
1b:x-dman-HEX-1:5
2b:a-dman-HEX-1:5
3b:b-dglc-HEX-1:5
4s:n-acetyl
5b:b-dglc-HEX-1:5
6s:n-acetyl
7b:a-dman-HEX-1:5
8b:b-dglc-HEX-1:5
9s:n-acetyl
LIN
1:1o(3+1)2d
2:2o(2+1)3d
3:3d(2+1)4n
4:1o(4+1)5d
5:5d(2+1)6n
6:1o(6+1)7d
7:7o(2+1)8d
8:8d(2+1)9n",G59684CA
153,GlcNAc(b1-3)Gal(b1-4)Glc,"RES
1b:x-dglc-HEX-1:5
2b:b-dgal-HEX-1:5
3b:b-dglc-HEX-1:5
4s:n-acetyl
LIN
1:1o(4+1)2d
2:2o(3+1)3d
3:3d(2+1)4n",G87727XV
154,NeuGc(a2-3)Gal(b1-4)GlcNAc,"RES
1b:x-dglc-HEX-1:5
2s:n-acetyl
3b:b-dgal-HEX-1:5
4b:a-dgro-dgal-NON-2:6|1:a|2:keto|3:d
5s:n-glycolyl
LIN
1:1d(2+1)2n
2:1o(4+1)3d
3:3o(3+2)4d
4:4d(5+1)5n",G48236KP
155,Gal(b1-3)GlcNAc(b1-3)Gal(b1-4)Glc,"RES
1b:x-dglc-HEX-1:5
2b:b-dgal-HEX-1:5
3b:b-dglc-HEX-1:5
4s:n-acetyl
5b:b-dgal-HEX-1:5
LIN
1:1o(4+1)2d
2:2o(3+1)3d
3:3d(2+1)4n
4:3o(3+1)5d",G45827GY
156,Fuc(a1-6)GlcNAc,"RES
1b:x-dglc-HEX-1:5
2s:n-acetyl
3b:a-lgal-HEX-1:5|6:d
LIN
1:1d(2+1)2n
2:1o(6+1)3d",G46208LD
157,Galf,"RES
1b:x-dgal-HEX-1:4",G38028NH
158,GlcNAc(b1-3)Gal(b1-4)GlcNAc,"RES
1b:x-dglc-HEX-1:5
2s:n-acetyl
3b:b-dgal-HEX-1:5
4b:b-dglc-HEX-1:5
5s:n-acetyl
LIN
1:1d(2+1)2n
2:1o(4+1)3d
3:3o(3+1)4d
4:4d(2+1)5n",G48117BL
159,Glc(a1-6)Glc(a1-6)Glc(a1-6)Glc,"RES
1b:x-dglc-HEX-1:5
2b:a-dglc-HEX-1:5
3b:a-dglc-HEX-1:5
4b:a-dglc-HEX-1:5
LIN
1:1o(6+1)2d
2:2o(6+1)3d
3:3o(6+1)4d",G86640EE
160,Fuc(a1-2)Gal(b1-3)[Fuc(a1-4)]GlcNAc(b1-3)Gal,"RES
1b:x-dgal-HEX-1:5
2b:b-dglc-HEX-1:5
3s:n-acetyl
4b:b-dgal-HEX-1:5
5b:a-lgal-HEX-1:5|6:d
6b:a-lgal-HEX-1:5|6:d
LIN
1:1o(3+1)2d
2:2d(2+1)3n
3:2o(3+1)4d
4:4o(2+1)5d
5:2o(4+1)6d",G14300ZJ
161,GalNAc(a1-3)[Fuc(a1-2)]Gal(b1-3)[Fuc(a1-4)]GlcNAc,"RES
1b:x-dglc-HEX-1:5
2s:n-acetyl
3b:b-dgal-HEX-1:5
4b:a-lgal-HEX-1:5|6:d
5b:a-dgal-HEX-1:5
6s:n-acetyl
7b:a-lgal-HEX-1:5|6:d
LIN
1:1d(2+1)2n
2:1o(3+1)3d
3:3o(2+1)4d
4:3o(3+1)5d
5:5d(2+1)6n
6:1o(4+1)7d",G48600JD
162,Gal(a1-3)[Fuc(a1-2)]Gal(b1-3)[Fuc(a1-4)]GlcNAc(b1-3)Gal(b1-4)Glc,"RES
1b:x-dglc-HEX-1:5
2b:b-dgal-HEX-1:5
3b:b-dglc-HEX-1:5
4s:n-acetyl
5b:b-dgal-HEX-1:5
6b:a-lgal-HEX-1:5|6:d
7b:a-dgal-HEX-1:5
8b:a-lgal-HEX-1:5|6:d
LIN
1:1o(4+1)2d
2:2o(3+1)3d
3:3d(2+1)4n
4:3o(3+1)5d
5:5o(2+1)6d
6:5o(3+1)7d
7:3o(4+1)8d",G38949DT
163,Gal(b1-3)[Fuc(a1-4)]GlcNAc(b1-3)Gal,"RES
1b:x-dgal-HEX-1:5
2b:b-dglc-HEX-1:5
3s:n-acetyl
4b:b-dgal-HEX-1:5
5b:a-lgal-HEX-1:5|6:d
LIN
1:1o(3+1)2d
2:2d(2+1)3n
3:2o(3+1)4d
4:2o(4+1)5d",G28420BK
164,Gal(b1-4)[Fuc(a1-3)]GlcNAc(b1-4)Glc,"RES
1b:x-dglc-HEX-1:5
2b:b-dglc-HEX-1:5
3s:n-acetyl
4b:a-lgal-HEX-1:5|6:d
5b:b-dgal-HEX-1:5
LIN
1:1o(4+1)2d
2:2d(2+1)3n
3:2o(3+1)4d
4:2o(4+1)5d",G99627GJ
165,Gal(b1-4)[Fuc(a1-3)]Glc,"RES
1b:x-dglc-HEX-1:5
2b:a-lgal-HEX-1:5|6:d
3b:b-dgal-HEX-1:5
LIN
1:1o(3+1)2d
2:1o(4+1)3d",G06210XB
166,Gal(a1-3)Gal(b1-4)Gal,"RES
1b:x-dgal-HEX-1:5
2b:b-dgal-HEX-1:5
3b:a-dgal-HEX-1:5
LIN
1:1o(4+1)2d
2:2o(3+1)3d",G63363XX
167,NeuAc(a2-8)NeuAc(a2-3)Gal,"RES
1b:x-dgal-HEX-1:5
2b:a-dgro-dgal-NON-2:6|1:a|2:keto|3:d
3s:n-acetyl
4b:a-dgro-dgal-NON-2:6|1:a|2:keto|3:d
5s:n-acetyl
LIN
1:1o(3+2)2d
2:2d(5+1)3n
3:2o(8+2)4d
4:4d(5+1)5n",G82775QT
168,GlcNAc(b1-2)Man(a1-3)[GlcNAc(b1-4)][Gal(b1-4)GlcNAc(b1-2)Man(a1-6)]Man(b1-4)GlcNAc,"RES
1b:x-dglc-HEX-1:5
2s:n-acetyl
3b:b-dman-HEX-1:5
4b:a-dman-HEX-1:5
5b:b-dglc-HEX-1:5
6s:n-acetyl
7b:b-dglc-HEX-1:5
8s:n-acetyl
9b:a-dman-HEX-1:5
10b:b-dglc-HEX-1:5
11s:n-acetyl
12b:b-dgal-HEX-1:5
LIN
1:1d(2+1)2n
2:1o(4+1)3d
3:3o(3+1)4d
4:4o(2+1)5d
5:5d(2+1)6n
6:3o(4+1)7d
7:7d(2+1)8n
8:3o(6+1)9d
9:9o(2+1)10d
10:10d(2+1)11n
11:10o(4+1)12d",G43923BC
169,NeuAc(a2-3)Gal(b1-3)GalNAc(b1-3)Gal(a1-4)Gal(b1-4)Glc,"RES
1b:x-dglc-HEX-1:5
2b:b-dgal-HEX-1:5
3b:a-dgal-HEX-1:5
4b:b-dgal-HEX-1:5
5s:n-acetyl
6b:b-dgal-HEX-1:5
7b:a-dgro-dgal-NON-2:6|1:a|2:keto|3:d
8s:n-acetyl
LIN
1:1o(4+1)2d
2:2o(4+1)3d
3:3o(3+1)4d
4:4d(2+1)5n
5:4o(3+1)6d
6:6o(3+2)7d
7:7d(5+1)8n",G42784QY
170,GalNAc(a1-3)GalNAc(b1-3)Gal(a1-4)Gal,"RES
1b:x-dgal-HEX-1:5
2b:a-dgal-HEX-1:5
3b:b-dgal-HEX-1:5
4s:n-acetyl
5b:a-dgal-HEX-1:5
6s:n-acetyl
LIN
1:1o(4+1)2d
2:2o(3+1)3d
3:3d(2+1)4n
4:3o(3+1)5d
5:5d(2+1)6n",G10674CI
171,Man(a1-2)Man(a1-3)[Man(a1-2)Man(a1-6)]Man,"RES
1b:x-dman-HEX-1:5
2b:a-dman-HEX-1:5
3b:a-dman-HEX-1:5
4b:a-dman-HEX-1:5
5b:a-dman-HEX-1:5
LIN
1:1o(3+1)2d
2:2o(2+1)3d
3:1o(6+1)4d
4:4o(2+1)5d",G29783MB
172,Man(a1-2)Man(a1-6)[Man(a1-2)Man(a1-3)]Man(a1-6)[Man(a1-2)Man(a1-2)Man(a1-3)]Man(b1-4)GlcNAc(b1-4)GlcNAc,"RES
1b:x-dglc-HEX-1:5
2s:n-acetyl
3b:b-dglc-HEX-1:5
4s:n-acetyl
5b:b-dman-HEX-1:5
6b:a-dman-HEX-1:5
7b:a-dman-HEX-1:5
8b:a-dman-HEX-1:5
9b:a-dman-HEX-1:5
10b:a-dman-HEX-1:5
11b:a-dman-HEX-1:5
12b:a-dman-HEX-1:5
13b:a-dman-HEX-1:5
LIN
1:1d(2+1)2n
2:1o(4+1)3d
3:3d(2+1)4n
4:3o(4+1)5d
5:5o(3+1)6d
6:6o(2+1)7d
7:7o(2+1)8d
8:5o(6+1)9d
9:9o(3+1)10d
10:10o(2+1)11d
11:9o(6+1)12d
12:12o(2+1)13d",G56202TA
173,NeuAc(a2-3)Gal(b1-3)GalNAc,"RES
1b:x-dgal-HEX-1:5
2s:n-acetyl
3b:b-dgal-HEX-1:5
4b:a-dgro-dgal-NON-2:6|1:a|2:keto|3:d
5s:n-acetyl
LIN
1:1d(2+1)2n
2:1o(3+1)3d
3:3o(3+2)4d
4:4d(5+1)5n",G56299XO
174,ManN,"RES
1b:x-dman-HEX-1:5
2s:amino
LIN
1:1d(2+1)2n",G95571UD
175,Gal(a1-6)Glc(a1-2)Fruf,"RES
1b:x-dara-HEX-2:5|2:keto
2b:a-dglc-HEX-1:5
3b:a-dgal-HEX-1:5
LIN
1:1o(2+1)2d
2:2o(6+1)3d",G33864TQ
176,Gal(b1-4)GlcNAc(b1-2)Man(a1-3)[GlcNAc(b1-2)Man(a1-6)]Man(b1-4)GlcNAc(b1-4)GlcNAc,"RES
1b:x-dglc-HEX-1:5
2s:n-acetyl
3b:b-dglc-HEX-1:5
4s:n-acetyl
5b:b-dman-HEX-1:5
6b:a-dman-HEX-1:5
7b:b-dglc-HEX-1:5
8s:n-acetyl
9b:b-dgal-HEX-1:5
10b:a-dman-HEX-1:5
11b:b-dglc-HEX-1:5
12s:n-acetyl
LIN
1:1d(2+1)2n
2:1o(4+1)3d
3:3d(2+1)4n
4:3o(4+1)5d
5:5o(3+1)6d
6:6o(2+1)7d
7:7d(2+1)8n
8:7o(4+1)9d
9:5o(6+1)10d
10:10o(2+1)11d
11:11d(2+1)12n",G36859SD
177,Gal(b1-4)GlcNAc(b1-2)Man(a1-3)[GlcNAc(b1-2)Man(a1-6)]Man,"RES
1b:x-dman-HEX-1:5
2b:a-dman-HEX-1:5
3b:b-dglc-HEX-1:5
4s:n-acetyl
5b:b-dgal-HEX-1:5
6b:a-dman-HEX-1:5
7b:b-dglc-HEX-1:5
8s:n-acetyl
LIN
1:1o(3+1)2d
2:2o(2+1)3d
3:3d(2+1)4n
4:3o(4+1)5d
5:1o(6+1)6d
6:6o(2+1)7d
7:7d(2+1)8n",
178,Gal(b1-3)[GlcNAc(b1-6)]GalNAc  ,"RES
1b:x-dgal-HEX-1:5
2s:n-acetyl
3b:b-dgal-HEX-1:5
4b:b-dglc-HEX-1:5
5s:n-acetyl
LIN
1:1d(2+1)2n
2:1o(3+1)3d
3:1o(6+1)4d
4:4d(2+1)5n",G82950HY
179,GalNAc(a1-3)[Fuc(a1-2)]Gal(b1-4)[Fuc(a1-3)]GlcNAc,"RES
1b:x-dglc-HEX-1:5
2s:n-acetyl
3b:a-lgal-HEX-1:5|6:d
4b:b-dgal-HEX-1:5
5b:a-lgal-HEX-1:5|6:d
6b:a-dgal-HEX-1:5
7s:n-acetyl
LIN
1:1d(2+1)2n
2:1o(3+1)3d
3:1o(4+1)4d
4:4o(2+1)5d
5:4o(3+1)6d
6:6d(2+1)7n",G33888AF
180,GalNAc(a1-4)Gal,"RES
1b:x-dgal-HEX-1:5
2b:a-dgal-HEX-1:5
3s:n-acetyl
LIN
1:1o(4+1)2d
2:2d(2+1)3n",G56173OR
181,GlcNAc(b1-2)Man(a1-6)[GlcNAc(b1-2)Man(a1-3)]Man(b1-4)GlcNAc(b1-4)[Fuc(a1-6)]GlcNAc,"RES
1b:x-dglc-HEX-1:5
2s:n-acetyl
3b:b-dglc-HEX-1:5
4s:n-acetyl
5b:b-dman-HEX-1:5
6b:a-dman-HEX-1:5
7b:b-dglc-HEX-1:5
8s:n-acetyl
9b:a-dman-HEX-1:5
10b:b-dglc-HEX-1:5
11s:n-acetyl
12b:a-lgal-HEX-1:5|6:d
LIN
1:1d(2+1)2n
2:1o(4+1)3d
3:3d(2+1)4n
4:3o(4+1)5d
5:5o(3+1)6d
6:6o(2+1)7d
7:7d(2+1)8n
8:5o(6+1)9d
9:9o(2+1)10d
10:10d(2+1)11n
11:1o(6+1)12d",G65984FE
182,Gal(b1-4)GlcNAc(b1-2)Man(a1-6)[GlcNAc(b1-2)Man(a1-3)]Man(b1-4)GlcNAc(b1-4)[Fuc(a1-6)]GlcNAc,"RES
1b:x-dglc-HEX-1:5
2s:n-acetyl
3b:b-dglc-HEX-1:5
4s:n-acetyl
5b:b-dman-HEX-1:5
6b:a-dman-HEX-1:5
7b:b-dglc-HEX-1:5
8s:n-acetyl
9b:a-dman-HEX-1:5
10b:b-dglc-HEX-1:5
11s:n-acetyl
12b:b-dgal-HEX-1:5
13b:a-lgal-HEX-1:5|6:d
LIN
1:1d(2+1)2n
2:1o(4+1)3d
3:3d(2+1)4n
4:3o(4+1)5d
5:5o(3+1)6d
6:6o(2+1)7d
7:7d(2+1)8n
8:5o(6+1)9d
9:9o(2+1)10d
10:10d(2+1)11n
11:10o(4+1)12d
12:1o(6+1)13d",G29024OJ
183,NeuAc(a2-3)Gal(b1-4)GlcNAc(b1-2)Man(a1-6)[GlcNAc(b1-2)Man(a1-3)]Man(b1-4)GlcNAc(b1-4)[Fuc(a1-6)]GlcNAc,"RES
1b:x-dglc-HEX-1:5
2s:n-acetyl
3b:b-dglc-HEX-1:5
4s:n-acetyl
5b:b-dman-HEX-1:5
6b:a-dman-HEX-1:5
7b:b-dglc-HEX-1:5
8s:n-acetyl
9b:a-dman-HEX-1:5
10b:b-dglc-HEX-1:5
11s:n-acetyl
12b:b-dgal-HEX-1:5
13b:a-dgro-dgal-NON-2:6|1:a|2:keto|3:d
14s:n-acetyl
15b:a-lgal-HEX-1:5|6:d
LIN
1:1d(2+1)2n
2:1o(4+1)3d
3:3d(2+1)4n
4:3o(4+1)5d
5:5o(3+1)6d
6:6o(2+1)7d
7:7d(2+1)8n
8:5o(6+1)9d
9:9o(2+1)10d
10:10d(2+1)11n
11:10o(4+1)12d
12:12o(3+2)13d
13:13d(5+1)14n
14:1o(6+1)15d",G96896RL
184,Glc(a1-6)Glc,"RES
1b:x-dglc-HEX-1:5
2b:a-dglc-HEX-1:5
LIN
1:1o(6+1)2d",G39326SA
185,Xyl(b1-3)Glc(a1-3)Xyl(b1-3)GlcA,"RES
1b:x-dglc-HEX-1:5|6:a
2b:b-dxyl-PEN-1:5
3b:a-dglc-HEX-1:5
4b:b-dxyl-PEN-1:5
LIN
1:1o(3+1)2d
2:2o(3+1)3d
3:3o(3+1)4d",G02540QB
186,NeuAc(a2-6)GalNAc,"RES
1b:x-dgal-HEX-1:5
2s:n-acetyl
3b:a-dgro-dgal-NON-2:6|1:a|2:keto|3:d
4s:n-acetyl
LIN
1:1d(2+1)2n
2:1o(6+2)3d
3:3d(5+1)4n",G08371CD
187,NeuAc(a2-6)GlcNAc,"RES
1b:x-dglc-HEX-1:5
2s:n-acetyl
3b:a-dgro-dgal-NON-2:6|1:a|2:keto|3:d
4s:n-acetyl
LIN
1:1d(2+1)2n
2:1o(6+2)3d
3:3d(5+1)4n",G18185ZH
188,GlcNAc(b1-4)GlcNAc(b1-4)GlcNAc(b1-4)GlcNAc(b1-4)GlcNAc(b1-4)GlcNAc,"RES
1b:x-dglc-HEX-1:5
2s:n-acetyl
3b:b-dglc-HEX-1:5
4s:n-acetyl
5b:b-dglc-HEX-1:5
6s:n-acetyl
7b:b-dglc-HEX-1:5
8s:n-acetyl
9b:b-dglc-HEX-1:5
10s:n-acetyl
11b:b-dglc-HEX-1:5
12s:n-acetyl
LIN
1:1d(2+1)2n
2:1o(4+1)3d
3:3d(2+1)4n
4:3o(4+1)5d
5:5d(2+1)6n
6:5o(4+1)7d
7:7d(2+1)8n
8:7o(4+1)9d
9:9d(2+1)10n
10:9o(4+1)11d
11:11d(2+1)12n",G48646LG
189,Gal(b1-4)GlcNAc(b1-6)[Gal(b1-4)GlcNAc(b1-3)]Gal(b1-4)Glc,"RES
1b:x-dglc-HEX-1:5
2b:b-dgal-HEX-1:5
3b:b-dglc-HEX-1:5
4s:n-acetyl
5b:b-dgal-HEX-1:5
6b:b-dglc-HEX-1:5
7s:n-acetyl
8b:b-dgal-HEX-1:5
LIN
1:1o(4+1)2d
2:2o(3+1)3d
3:3d(2+1)4n
4:3o(4+1)5d
5:2o(6+1)6d
6:6d(2+1)7n
7:6o(4+1)8d",G54021WX
190,NeuAc(a2-3)Gal(b1-3)GalNAc(b1-4)[NeuAc(a2-3)]Gal,"RES
1b:x-dgal-HEX-1:5
2b:a-dgro-dgal-NON-2:6|1:a|2:keto|3:d
3s:n-acetyl
4b:b-dgal-HEX-1:5
5s:n-acetyl
6b:b-dgal-HEX-1:5
7b:a-dgro-dgal-NON-2:6|1:a|2:keto|3:d
8s:n-acetyl
LIN
1:1o(3+2)2d
2:2d(5+1)3n
3:1o(4+1)4d
4:4d(2+1)5n
5:4o(3+1)6d
6:6o(3+2)7d
7:7d(5+1)8n",G76867GJ
191,Gal(b1-4)Fruf,"RES
1b:x-dara-HEX-2:5|2:keto
2b:b-dgal-HEX-1:5
LIN
1:1o(4+1)2d",G81952HB
192,Gal()NeuAc,"RES
1b:x-dgro-dgal-NON-2:6|1:a|2:keto|3:d
2s:n-acetyl
3b:x-dgal-HEX-1:5
LIN
1:1d(5+1)2n
2:1x(-1+-1)3x",
193,Gal(b1-4)[Fuc(a1-3)]GlcNAc(b1-3)Gal,"RES
1b:x-dgal-HEX-1:5
2b:b-dglc-HEX-1:5
3s:n-acetyl
4b:a-lgal-HEX-1:5|6:d
5b:b-dgal-HEX-1:5
LIN
1:1o(3+1)2d
2:2d(2+1)3n
3:2o(3+1)4d
4:2o(4+1)5d",G80130IB
194,Ribf,"RES
1b:x-drib-PEN-1:4",G31080DL
195,Gal(b1-4)GlcNAc,"RES
1b:x-dglc-HEX-1:5
2s:n-acetyl
3b:x-dgal-HEX-1:5
LIN
1:1d(2+1)2n
2:1x(-1+-1)3x",G00055MO
196,GlcNAc(b1-2)Galf(b1-6)Glc,"RES
1b:x-dglc-HEX-1:5
2b:b-dgal-HEX-1:4
3b:b-dglc-HEX-1:5
4s:n-acetyl
LIN
1:1o(6+1)2d
2:2o(2+1)3d
3:3d(2+1)4n",
197,Rha(a1-6)Glc(a1-4)[GlcNAc(b1-3)]Gal(a1-3)GlcNAc,"RES
1b:x-dglc-HEX-1:5
2s:n-acetyl
3b:a-dgal-HEX-1:5
4b:b-dglc-HEX-1:5
5s:n-acetyl
6b:a-dglc-HEX-1:5
7b:a-lman-HEX-1:5|6:d
LIN
1:1d(2+1)2n
2:1o(3+1)3d
3:3o(3+1)4d
4:4d(2+1)5n
5:3o(4+1)6d
6:6o(6+1)7d",G81480NI
198,Glc(a1-3)[Gal(a1-2)]Man(a1-4)Rha(a1-3)Gal(a1-2)[Glc(a1-3)]Man(a1-4)Rha,"RES
1b:x-lman-HEX-1:5|6:d
2b:a-dman-HEX-1:5
3b:a-dgal-HEX-1:5
4b:a-lman-HEX-1:5|6:d
5b:a-dman-HEX-1:5
6b:a-dgal-HEX-1:5
7b:a-dglc-HEX-1:5
8b:a-dglc-HEX-1:5
LIN
1:1o(4+1)2d
2:2o(2+1)3d
3:3o(3+1)4d
4:4o(4+1)5d
5:5o(2+1)6d
6:5o(3+1)7d
7:2o(3+1)8d",
199,Rha(a1-3)GlcNAc(b1-2)Rha(a1-2)Rha(a1-3)Rha(a1-3)GlcNAc(b1-2)Rha(a1-2)Rha,"RES
1b:x-lman-HEX-1:5|6:d
2b:a-lman-HEX-1:5|6:d
3b:b-dglc-HEX-1:5
4s:n-acetyl
5b:a-lman-HEX-1:5|6:d
6b:a-lman-HEX-1:5|6:d
7b:a-lman-HEX-1:5|6:d
8b:b-dglc-HEX-1:5
9s:n-acetyl
10b:a-lman-HEX-1:5|6:d
LIN
1:1o(2+1)2d
2:2o(2+1)3d
3:3d(2+1)4n
4:3o(3+1)5d
5:5o(3+1)6d
6:6o(2+1)7d
7:7o(2+1)8d
8:8d(2+1)9n
9:8o(3+1)10d",G01367YJ
200,Gal(b1-4)Gal,"RES
1b:x-dgal-HEX-1:5
2b:b-dgal-HEX-1:5
LIN
1:1o(4+1)2d",G48027TR
201,GalNAc(b1-4)[NeuAc(a2-3)]Gal(b1-4)Glc,"RES
1b:x-dglc-HEX-1:5
2b:b-dgal-HEX-1:5
3b:a-dgro-dgal-NON-2:6|1:a|2:keto|3:d
4s:n-acetyl
5b:b-dgal-HEX-1:5
6s:n-acetyl
LIN
1:1o(4+1)2d
2:2o(3+2)3d
3:3d(5+1)4n
4:2o(4+1)5d
5:5d(2+1)6n",G61168WC
202,NeuAc(a2-8)NeuAc(a2-3)Gal(b1-3)GalNAc(b1-4)[NeuAc(a2-3)]Gal,"RES
1b:x-dgal-HEX-1:5
2b:a-dgro-dgal-NON-2:6|1:a|2:keto|3:d
3s:n-acetyl
4b:b-dgal-HEX-1:5
5s:n-acetyl
6b:b-dgal-HEX-1:5
7b:a-dgro-dgal-NON-2:6|1:a|2:keto|3:d
8s:n-acetyl
9b:a-dgro-dgal-NON-2:6|1:a|2:keto|3:d
10s:n-acetyl
LIN
1:1o(3+2)2d
2:2d(5+1)3n
3:1o(4+1)4d
4:4d(2+1)5n
5:4o(3+1)6d
6:6o(3+2)7d
7:7d(5+1)8n
8:7o(8+2)9d
9:9d(5+1)10n",G43415EE
203,NeuAc(a2-3)Gal(b1-3)GalNAc(b1-4)Gal,"RES
1b:x-dgal-HEX-1:5
2b:b-dgal-HEX-1:5
3s:n-acetyl
4b:b-dgal-HEX-1:5
5b:a-dgro-dgal-NON-2:6|1:a|2:keto|3:d
6s:n-acetyl
LIN
1:1o(4+1)2d
2:2d(2+1)3n
3:2o(3+1)4d
4:4o(3+2)5d
5:5d(5+1)6n",G79667RH
204,NeuAc(a2-8)NeuAc(a2-3)Gal(b1-3)GalNAc(b1-4)Gal,"RES
1b:x-dgal-HEX-1:5
2b:b-dgal-HEX-1:5
3s:n-acetyl
4b:b-dgal-HEX-1:5
5b:a-dgro-dgal-NON-2:6|1:a|2:keto|3:d
6s:n-acetyl
7b:a-dgro-dgal-NON-2:6|1:a|2:keto|3:d
8s:n-acetyl
LIN
1:1o(4+1)2d
2:2d(2+1)3n
3:2o(3+1)4d
4:4o(3+2)5d
5:5d(5+1)6n
6:5o(8+2)7d
7:7d(5+1)8n",G66150CT
205,NeuAc(a2-3)Gal(a1-4)GlcNAc6S,"RES
1b:b-dglc-HEX-1:5
2s:n-acetyl
3b:a-dgal-HEX-1:5
4b:a-dgro-dgal-NON-2:6|1:a|2:keto|3:d
5s:n-acetyl
6s:sulfate
LIN
1:1d(2+1)2n
2:1o(4+1)3d
3:3o(3+2)4d
4:4d(5+1)5n
5:1o(6+1)6n",G54421JX
206,NeuAc(a2-3)Gal(a1-4)[Fuc(a1-3)]GlcNAc,"RES
1b:x-dglc-HEX-1:5
2s:n-acetyl
3b:a-lgal-HEX-1:5|6:d
4b:a-dgal-HEX-1:5
5b:a-dgro-dgal-NON-2:6|1:a|2:keto|3:d
6s:n-acetyl
LIN
1:1d(2+1)2n
2:1o(3+1)3d
3:1o(4+1)4d
4:4o(3+2)5d
5:5d(5+1)6n",G85849LM
207,GlcNAc(b1-3)GlcNAc(b1-3)GlcNAc,"RES
1b:x-dglc-HEX-1:5
2s:n-acetyl
3b:b-dglc-HEX-1:5
4s:n-acetyl
5b:b-dglc-HEX-1:5
6s:n-acetyl
LIN
1:1d(2+1)2n
2:1o(3+1)3d
3:3d(2+1)4n
4:3o(3+1)5d
5:5d(2+1)6n",G70112MZ
208,GlcNAc(a1-4)Gal,"RES
1b:x-dgal-HEX-1:5
2b:a-dglc-HEX-1:5
3s:n-acetyl
LIN
1:1o(4+1)2d
2:2d(2+1)3n",G71960CZ
209,Fuc(a1-2)Gal(b1-3)GalNAc(b1-3)Gal(a1-4)Gal,"RES
1b:x-dgal-HEX-1:5
2b:a-dgal-HEX-1:5
3b:b-dgal-HEX-1:5
4s:n-acetyl
5b:b-dgal-HEX-1:5
6b:a-lgal-HEX-1:5|6:d
LIN
1:1o(4+1)2d
2:2o(3+1)3d
3:3d(2+1)4n
4:3o(3+1)5d
5:5o(2+1)6d",G41806AF
210,"Neu4,5,9Ac3","RES
1b:x-dgro-dgal-NON-2:6|1:a|2:keto|3:d
2s:acetyl
3s:n-acetyl
4s:acetyl
LIN
1:1o(4+1)2n
2:1d(5+1)3n
3:1o(9+1)4n",G72520KQ
211,Neu5Ac9Ac(a2-,"RES
1b:a-dgro-dgal-NON-2:6|1:a|2:keto|3:d
2s:n-acetyl
3s:acetyl
LIN
1:1d(5+1)2n
2:1o(9+1)3n",G47325QT
212,KO,"RES
1b:x-dgro-dtal-OCT-2:6|1:a|2:keto",G22022PH
213,Rib,"RES
1b:x-drib-PEN-1:5",G75380KK
214,Glc(a1-3)Man(a1-2)Man(a1-2)Man,"RES
1b:x-dman-HEX-1:5
2b:a-dman-HEX-1:5
3b:a-dman-HEX-1:5
4b:a-dglc-HEX-1:5
LIN
1:1o(2+1)2d
2:2o(2+1)3d
3:3o(3+1)4d",G98920NA
215,Gal(b1-3)GalNAc(b1-4)Gal(b1-4)GlcNAc,"RES
1b:x-dglc-HEX-1:5
2s:n-acetyl
3b:b-dgal-HEX-1:5
4b:b-dgal-HEX-1:5
5s:n-acetyl
6b:b-dgal-HEX-1:5
LIN
1:1d(2+1)2n
2:1o(4+1)3d
3:3o(4+1)4d
4:4d(2+1)5n
5:4o(3+1)6d",G74266GF
216,GalA(a1-4)GalA,"RES
1b:x-dgal-HEX-1:5|6:a
2b:a-dgal-HEX-1:5|6:a
LIN
1:1o(4+1)2d",G11876JO
217,GalA(a1-4)GalA(a1-4)GalA,"RES
1b:x-dgal-HEX-1:5|6:a
2b:a-dgal-HEX-1:5|6:a
3b:a-dgal-HEX-1:5|6:a
LIN
1:1o(4+1)2d
2:2o(4+1)3d",G55087DR
218,Fuc(a1-2)Gal(b1-3)GalNAc(b1-4)[NeuAc(a2-3)]Gal(b1-4)Glc,"RES
1b:x-dglc-HEX-1:5
2b:b-dgal-HEX-1:5
3b:a-dgro-dgal-NON-2:6|1:a|2:keto|3:d
4s:n-acetyl
5b:b-dgal-HEX-1:5
6s:n-acetyl
7b:b-dgal-HEX-1:5
8b:a-lgal-HEX-1:5|6:d
LIN
1:1o(4+1)2d
2:2o(3+2)3d
3:3d(5+1)4n
4:2o(4+1)5d
5:5d(2+1)6n
6:5o(3+1)7d
7:7o(2+1)8d",G56526JU
219,"Neu5,9Ac2(a2-3)Gal(b1-4)GlcNAc","RES
1b:x-dglc-HEX-1:5
2s:n-acetyl
3b:b-dgal-HEX-1:5
4b:a-dgro-dgal-NON-2:6|1:a|2:keto|3:d
5s:n-acetyl
6s:n-acetyl
LIN
1:1d(2+1)2n
2:1o(4+1)3d
3:3o(3+2)4d
4:4d(5+1)5n
5:4d(9+1)6n",G73077PR
220,"Neu4,5Ac2(a2-3)Gal(b1-4)GlcNAc","RES
1b:x-dglc-HEX-1:5
2s:n-acetyl
3b:b-dgal-HEX-1:5
4b:a-dgro-dgal-NON-2:6|1:a|2:keto|3:d
5s:n-acetyl
6s:n-acetyl
LIN
1:1d(2+1)2n
2:1o(4+1)3d
3:3o(3+2)4d
4:4d(4+1)5n
5:4d(5+1)6n",G99118GR
221,NeuAc(a2-3)Gal(b1-3)GalNAc(b1-4)Gal(b1-4)Glc,"RES
1b:x-dglc-HEX-1:5
2b:b-dgal-HEX-1:5
3b:b-dgal-HEX-1:5
4s:n-acetyl
5b:b-dgal-HEX-1:5
6b:a-dgro-dgal-NON-2:6|1:a|2:keto|3:d
7s:n-acetyl
LIN
1:1o(4+1)2d
2:2o(4+1)3d
3:3d(2+1)4n
4:3o(3+1)5d
5:5o(3+2)6d
6:6d(5+1)7n",G14633CL
222,Man(a1-2)Man(a1-2)Man(a1-3)Man(b1-4)GlcNAc(b1-4)GlcNAc,"RES
1b:x-dglc-HEX-1:5
2s:n-acetyl
3b:b-dglc-HEX-1:5
4s:n-acetyl
5b:b-dman-HEX-1:5
6b:a-dman-HEX-1:5
7b:a-dman-HEX-1:5
8b:a-dman-HEX-1:5
LIN
1:1d(2+1)2n
2:1o(4+1)3d
3:3d(2+1)4n
4:3o(4+1)5d
5:5o(3+1)6d
6:6o(2+1)7d
7:7o(2+1)8d",G57887YH
223,Man(a1-3)Man(a1-6)[Man(a1-3)]Man(b1-4)GlcNAc(b1-4)GlcNAc,"RES
1b:x-dglc-HEX-1:5
2s:n-acetyl
3b:b-dglc-HEX-1:5
4s:n-acetyl
5b:b-dman-HEX-1:5
6b:a-dman-HEX-1:5
7b:a-dman-HEX-1:5
8b:a-dman-HEX-1:5
LIN
1:1d(2+1)2n
2:1o(4+1)3d
3:3d(2+1)4n
4:3o(4+1)5d
5:5o(3+1)6d
6:5o(6+1)7d
7:7o(3+1)8d",G40915GX
224,Man(a1-6)Man(a1-3)Man,"RES
1b:x-dman-HEX-1:5
2b:a-dman-HEX-1:5
3b:a-dman-HEX-1:5
LIN
1:1o(3+1)2d
2:2o(6+1)3d",G71610GM
225,Man(a1-3)Man(a1-6)Man(a1-3)Man,"RES
1b:x-dman-HEX-1:5
2b:a-dman-HEX-1:5
3b:a-dman-HEX-1:5
4b:a-dman-HEX-1:5
LIN
1:1o(3+1)2d
2:2o(6+1)3d
3:3o(3+1)4d",G62183BI
226,Man(a1-2)Man(a1-2)Man(a1-3)[Man(a1-3)Man(a1-6)]Man,"RES
1b:x-dman-HEX-1:5
2b:a-dman-HEX-1:5
3b:a-dman-HEX-1:5
4b:a-dman-HEX-1:5
5b:a-dman-HEX-1:5
6b:a-dman-HEX-1:5
LIN
1:1o(3+1)2d
2:2o(2+1)3d
3:3o(2+1)4d
4:1o(6+1)5d
5:5o(3+1)6d",G05929XL
227,Xyl,"RES
1b:x-dxyl-PEN-1:5",G53308XG
228,Xyl(b1-4)Xyl,"RES
1b:x-dxyl-PEN-1:5
2b:b-dxyl-PEN-1:5
LIN
1:1o(4+1)2d",G47408FM
229,Xyl(b1-4)Xyl(b1-4)Xyl(b1-4)Xyl(b1-4)Xyl,"RES
1b:x-dxyl-PEN-1:5
2b:b-dxyl-PEN-1:5
3b:b-dxyl-PEN-1:5
4b:b-dxyl-PEN-1:5
5b:b-dxyl-PEN-1:5
LIN
1:1o(4+1)2d
2:2o(4+1)3d
3:3o(4+1)4d
4:4o(4+1)5d",G17192MX
230,Ara(a1-3)Xyl(b1-4)Xyl,"RES
1b:x-dxyl-PEN-1:5
2b:b-dxyl-PEN-1:5
3b:a-dara-PEN-1:5
LIN
1:1o(4+1)2d
2:2o(3+1)3d",
231,Xyl(b1-4)[Ara(a1-3)]Xyl(b1-4)Xyl,"RES
1b:x-dxyl-PEN-1:5
2b:b-dxyl-PEN-1:5
3b:a-dara-PEN-1:5
4b:b-dxyl-PEN-1:5
LIN
1:1o(4+1)2d
2:2o(3+1)3d
3:2o(4+1)4d",
232,GlcA(a1-2)Xyl(b1-4)Xyl,"RES
1b:x-dxyl-PEN-1:5
2b:b-dxyl-PEN-1:5
3b:a-dglc-HEX-1:5|6:a
LIN
1:1o(4+1)2d
2:2o(2+1)3d",G75551YJ
233,GlcA(a1-2)Xyl(b1-4)Xyl(b1-4)Xyl,"RES
1b:x-dxyl-PEN-1:5
2b:b-dxyl-PEN-1:5
3b:b-dxyl-PEN-1:5
4b:a-dglc-HEX-1:5|6:a
LIN
1:1o(4+1)2d
2:2o(4+1)3d
3:3o(2+1)4d",G02223VY
234,Xyl(b1-4)Xyl(b1-4)Xyl(b1-4)Xyl,"RES
1b:x-dxyl-PEN-1:5
2b:b-dxyl-PEN-1:5
3b:b-dxyl-PEN-1:5
4b:b-dxyl-PEN-1:5
LIN
1:1o(4+1)2d
2:2o(4+1)3d
3:3o(4+1)4d",G28148UM
235,LAra,"RES
1b:x-lara-PEN-1:5",G88980IR
236,Gal(b1-3)Gal(b1-3)Gal,"RES
1b:x-dgal-HEX-1:5
2b:b-dgal-HEX-1:5
3b:b-dgal-HEX-1:5
LIN
1:1o(3+1)2d
2:2o(3+1)3d",G94952MX
237,Fuc(a1-3)GlcNAc,"RES
1b:x-dglc-HEX-1:5
2s:n-acetyl
3b:a-lgal-HEX-1:5|6:d
LIN
1:1d(2+1)2n
2:1o(3+1)3d",G69726TU
238,Gal(a1-3)[Fuc(a1-2)]Gal(b1-3)Glc,"RES
1b:x-dglc-HEX-1:5
2b:b-dgal-HEX-1:5
3b:a-lgal-HEX-1:5|6:d
4b:a-dgal-HEX-1:5
LIN
1:1o(3+1)2d
2:2o(2+1)3d
3:2o(3+1)4d",G31734OS
239,Hep(a1-3)Hep(a1-5)Kdo,"RES
1b:x-dman-OCT-2:6|1:a|2:keto|3:d
2b:a-HEP-1:5
3b:a-HEP-1:5
LIN
1:1o(5+1)2d
2:2o(3+1)3d",
240,Glc(a1-3)Hep(a1-3)Hep(a1-5)Kdo,"RES
1b:x-dman-OCT-2:6|1:a|2:keto|3:d
2b:a-HEP-1:5
3b:a-HEP-1:5
4b:a-dglc-HEX-1:5
LIN
1:1o(5+1)2d
2:2o(3+1)3d
3:3o(3+1)4d",
241,Fuc(a1-2)Gal(b1-4)[Fuc(a1-3)]GlcNAc(b1-3)Glc,"RES
1b:x-dglc-HEX-1:5
2b:b-dglc-HEX-1:5
3s:n-acetyl
4b:a-lgal-HEX-1:5|6:d
5b:b-dgal-HEX-1:5
6b:a-lgal-HEX-1:5|6:d
LIN
1:1o(3+1)2d
2:2d(2+1)3n
3:2o(3+1)4d
4:2o(4+1)5d
5:5o(2+1)6d",G57875CW
242,GlcNAc(b1-4)[Fuc(a1-6)]GlcNAc,"RES
1b:x-dglc-HEX-1:5
2s:n-acetyl
3b:b-dglc-HEX-1:5
4s:n-acetyl
5b:a-lgal-HEX-1:5|6:d
LIN
1:1d(2+1)2n
2:1o(4+1)3d
3:3d(2+1)4n
4:1o(6+1)5d",G76680HJ
243,Man(a1-6)[Man(a1-3)]Man(b1-4)GlcNAc(b1-4)[Fuc(a1-6)]GlcNAc,"RES
1b:x-dglc-HEX-1:5
2s:n-acetyl
3b:b-dglc-HEX-1:5
4s:n-acetyl
5b:b-dman-HEX-1:5
6b:a-dman-HEX-1:5
7b:a-dman-HEX-1:5
8b:a-lgal-HEX-1:5|6:d
LIN
1:1d(2+1)2n
2:1o(4+1)3d
3:3d(2+1)4n
4:3o(4+1)5d
5:5o(3+1)6d
6:5o(6+1)7d
7:1o(6+1)8d",G45995IV
244,Man(a1-6)[Man(a1-3)]Man(a1-6)[Man(a1-2)Man(a1-3)]Man(b1-4)GlcNAc(b1-4)GlcNAc,"RES
1b:x-dglc-HEX-1:5
2s:n-acetyl
3b:b-dglc-HEX-1:5
4s:n-acetyl
5b:b-dman-HEX-1:5
6b:a-dman-HEX-1:5
7b:a-dman-HEX-1:5
8b:a-dman-HEX-1:5
9b:a-dman-HEX-1:5
10b:a-dman-HEX-1:5
LIN
1:1d(2+1)2n
2:1o(4+1)3d
3:3d(2+1)4n
4:3o(4+1)5d
5:5o(3+1)6d
6:6o(2+1)7d
7:5o(6+1)8d
8:8o(3+1)9d
9:8o(6+1)10d",G19747OA
245,Man(a1-6)[Man(a1-3)]Man(a1-6)[Man(a1-3)]Man(b1-4)GlcNAc(b1-4)GlcNAc,"RES
1b:x-dglc-HEX-1:5
2s:n-acetyl
3b:b-dglc-HEX-1:5
4s:n-acetyl
5b:b-dman-HEX-1:5
6b:a-dman-HEX-1:5
7b:a-dman-HEX-1:5
8b:a-dman-HEX-1:5
9b:a-dman-HEX-1:5
LIN
1:1d(2+1)2n
2:1o(4+1)3d
3:3d(2+1)4n
4:3o(4+1)5d
5:5o(3+1)6d
6:5o(6+1)7d
7:7o(3+1)8d
8:7o(6+1)9d",G03652TR
246,Gal(b1-1)Gal,"RES
1b:x-dgal-HEX-1:5
2b:b-dgal-HEX-1:5
LIN
1:1o(1+1)2d",G36358CR
247,Man(a1-2)Man(a1-2)Man(a1-6)Man,"RES
1b:x-dman-HEX-1:5
2b:a-dman-HEX-1:5
3b:a-dman-HEX-1:5
4b:a-dman-HEX-1:5
LIN
1:1o(6+1)2d
2:2o(2+1)3d
3:3o(2+1)4d",G74780ZE
248,Man(a1-2)Man,,
249,Allf,,
